"product_id","product_name","price","battery_life","weight","cleaning_mode","warranty_years","stock_availability","user_rating","release_date"
"RB-0001","B938cae8 Cleaner","433.12",2,"2.1","Hybrid",2,"In Stock","4.4","2024-05-23"
"RB-0002","F9a50381 Cleaner","313.89",5,"4.97","Dry",5,"Pre-Order","4.5","2021-01-06"
"RB-0003","0f108cf3 Cleaner","460.66",7,"2.87","Wet",3,"Out of Stock","4.9","2022-06-27"
"RB-0004","Cc3608b0 Cleaner","827.73",6,"3.98","Hybrid",4,"Out of Stock","4.3","2020-11-17"
"RB-0005","8564f42e Cleaner","498.56",9,"4.35","Wet",3,"Out of Stock","4.2","2024-04-25"
"RB-0006","9ff1f8c8 Cleaner","898.52",5,"4.01","Wet",5,"In Stock","4.3","2020-12-07"
"RB-0007","5116dacb Cleaner","928.17",6,"2.53","Dry",1,"In Stock","3.3","2021-09-06"
"RB-0008","538754d6 Cleaner","888.82",3,"4.5","Dry",2,"Out of Stock","3.4","2021-04-06"
"RB-0009","429d2c3f Cleaner","349.38",4,"3.95","Wet",4,"Out of Stock","4.7","2023-12-31"
"RB-0010","3c0e3331 Cleaner","612.85",9,"4.88","Wet",5,"In Stock","4.6","2024-10-18"
"RB-0011","50aca563 Cleaner","299.00",3,"4.45","Hybrid",4,"Out of Stock","4.4","2024-05-08"
"RB-0012","B250b6fd Cleaner","562.67",2,"3.39","Dry",1,"Pre-Order","3.5","2023-05-05"
"RB-0013","0c3457f8 Cleaner","716.93",6,"3.05","Hybrid",3,"Out of Stock","4.9","2022-05-22"
"RB-0014","8334d440 Cleaner","327.23",3,"2.91","Hybrid",4,"Out of Stock","4.7","2021-08-28"
"RB-0015","4b173d31 Cleaner","449.55",9,"3.43","Hybrid",3,"Pre-Order","5.0","2021-12-08"
"RB-0016","3339ee42 Cleaner","537.80",5,"2.39","Dry",2,"Pre-Order","3.8","2021-12-02"
"RB-0017","A3b3034d Cleaner","717.68",5,"4.98","Wet",2,"Out of Stock","3.9","2022-07-28"
"RB-0018","613d40f4 Cleaner","294.24",7,"4.78","Wet",3,"In Stock","3.6","2023-04-10"
"RB-0019","B653feaa Cleaner","436.61",7,"2.98","Dry",2,"Out of Stock","3.2","2022-11-15"
"RB-0020","Dd873d76 Cleaner","210.79",7,"2.59","Dry",4,"Pre-Order","3.4","2020-06-24"
"RB-0021","Ebd553ea Cleaner","503.96",5,"2.57","Dry",5,"Out of Stock","4.1","2020-08-09"
"RB-0022","0ea3bb46 Cleaner","716.27",7,"2.23","Wet",2,"In Stock","4.4","2022-12-07"
"RB-0023","F85faf69 Cleaner","788.53",7,"4.73","Dry",5,"Out of Stock","3.4","2022-05-09"
"RB-0024","D7186c2a Cleaner","474.59",4,"3.84","Hybrid",3,"In Stock","4.8","2023-07-15"
"RB-0025","98fd59a2 Cleaner","667.94",8,"2.23","Wet",3,"Out of Stock","3.2","2021-12-23"
"RB-0026","B3e8e056 Cleaner","762.79",4,"2.87","Hybrid",1,"In Stock","4.2","2022-06-09"
"RB-0027","Db12b667 Cleaner","619.16",7,"4.18","Hybrid",2,"Pre-Order","3.3","2024-12-31"
"RB-0028","2fb77bac Cleaner","839.37",8,"2.62","Wet",5,"Out of Stock","3.0","2022-08-13"
"RB-0029","9425889d Cleaner","863.71",5,"3.88","Dry",3,"In Stock","4.5","2024-08-08"
"RB-0030","D2efdfef Cleaner","751.51",8,"3.12","Hybrid",2,"In Stock","4.2","2022-11-14"
"RB-0031","Cc0033be Cleaner","355.37",8,"2.85","Wet",4,"In Stock","4.6","2021-06-25"
"RB-0032","94af06f6 Cleaner","552.30",5,"4.64","Hybrid",2,"In Stock","3.4","2020-02-18"
"RB-0033","36298004 Cleaner","268.66",2,"2.43","Hybrid",2,"Out of Stock","4.2","2023-10-19"
"RB-0034","840a2415 Cleaner","276.76",6,"4.75","Wet",4,"Pre-Order","4.8","2021-12-12"
"RB-0035","B7104037 Cleaner","470.81",4,"2.38","Hybrid",5,"In Stock","3.0","2022-09-01"
"RB-0036","Ed572423 Cleaner","615.95",9,"2.41","Hybrid",1,"Pre-Order","3.7","2020-05-11"
"RB-0037","47295770 Cleaner","408.77",9,"3.09","Hybrid",5,"Out of Stock","3.9","2025-01-20"
"RB-0038","62d5f6b9 Cleaner","902.53",10,"2.38","Hybrid",2,"Out of Stock","3.0","2024-09-30"
"RB-0039","19a2dc11 Cleaner","542.50",2,"3.74","Dry",4,"In Stock","4.5","2022-06-10"
"RB-0040","9fe8f3e6 Cleaner","549.80",9,"2.43","Wet",1,"Out of Stock","4.6","2022-07-28"
"RB-0041","93cc6984 Cleaner","751.42",5,"2.07","Dry",4,"Out of Stock","3.8","2021-01-03"
"RB-0042","4abd00a9 Cleaner","814.26",8,"2.77","Hybrid",3,"In Stock","3.4","2021-12-17"
"RB-0043","B117bd38 Cleaner","563.92",4,"2.59","Dry",4,"Pre-Order","4.8","2020-11-18"
"RB-0044","128ebd08 Cleaner","828.21",3,"4.77","Dry",5,"Pre-Order","3.5","2022-07-29"
"RB-0045","5ceaf6ef Cleaner","479.70",4,"3.62","Hybrid",3,"Out of Stock","4.4","2023-05-17"
"RB-0046","F382fd65 Cleaner","581.53",10,"4.75","Wet",2,"In Stock","4.8","2021-06-02"
"RB-0047","F6380428 Cleaner","285.81",4,"4.59","Dry",2,"Out of Stock","3.4","2021-05-07"
"RB-0048","33a16918 Cleaner","631.55",7,"2.1","Dry",3,"Out of Stock","4.0","2021-09-13"
"RB-0049","C75c498a Cleaner","880.32",3,"2.42","Hybrid",4,"In Stock","4.2","2024-07-10"
"RB-0050","964f0c28 Cleaner","716.75",3,"3.12","Dry",2,"In Stock","4.6","2023-04-23"
"RB-0051","8b61bcc1 Cleaner","923.27",3,"3.66","Hybrid",2,"Out of Stock","3.2","2021-06-10"
"RB-0052","Ccb3987d Cleaner","707.98",5,"4.47","Hybrid",2,"Out of Stock","3.1","2020-03-08"
"RB-0053","F8d598b4 Cleaner","484.80",5,"3.21","Dry",2,"Pre-Order","4.3","2020-07-30"
"RB-0054","F0e23932 Cleaner","261.24",5,"3.13","Hybrid",5,"In Stock","3.3","2021-04-11"
"RB-0055","E97cf134 Cleaner","398.21",8,"3.86","Hybrid",3,"In Stock","3.3","2021-01-26"
"RB-0056","85c1b70c Cleaner","583.65",6,"2.57","Dry",4,"Out of Stock","4.7","2022-12-20"
"RB-0057","0dd85bbb Cleaner","495.53",10,"2.98","Wet",1,"In Stock","4.0","2024-08-01"
"RB-0058","A5253771 Cleaner","270.59",2,"4.12","Dry",3,"Pre-Order","3.7","2023-01-11"
"RB-0059","D45f6ee2 Cleaner","937.58",9,"3.74","Dry",3,"Out of Stock","4.9","2025-01-23"
"RB-0060","86f32445 Cleaner","887.81",3,"3.1","Wet",4,"Pre-Order","4.1","2021-02-26"
"RB-0061","201ec086 Cleaner","563.18",7,"3.14","Dry",3,"Out of Stock","3.8","2021-04-04"
"RB-0062","91909d76 Cleaner","790.55",5,"2.19","Wet",1,"In Stock","3.3","2022-09-01"
"RB-0063","28260df6 Cleaner","852.73",5,"3.46","Hybrid",2,"Out of Stock","3.6","2021-11-14"
"RB-0064","07bb24cb Cleaner","343.92",7,"4.7","Dry",3,"Pre-Order","4.5","2024-09-25"
"RB-0065","8c8da9fd Cleaner","722.56",2,"2.2","Dry",4,"Out of Stock","4.1","2020-10-10"
"RB-0066","8ed612eb Cleaner","566.71",2,"2.59","Dry",1,"In Stock","5.0","2022-07-15"
"RB-0067","6421afd3 Cleaner","947.64",5,"2.28","Hybrid",2,"Out of Stock","3.3","2021-05-24"
"RB-0068","1e74dcd6 Cleaner","452.55",2,"2.5","Dry",4,"Pre-Order","4.1","2020-04-10"
"RB-0069","F9a401ca Cleaner","993.34",4,"3.57","Hybrid",4,"Pre-Order","3.0","2020-10-28"
"RB-0070","06f3bdef Cleaner","474.10",4,"2.02","Dry",1,"In Stock","3.1","2023-07-17"
"RB-0071","A99d0366 Cleaner","732.67",10,"4.32","Dry",4,"Pre-Order","3.4","2024-04-05"
"RB-0072","118ace94 Cleaner","791.37",9,"2.15","Wet",2,"In Stock","3.6","2023-07-03"
"RB-0073","Eaaec27d Cleaner","663.19",9,"3.72","Dry",2,"In Stock","3.9","2022-04-23"
"RB-0074","395d781b Cleaner","279.47",7,"5","Dry",1,"In Stock","4.6","2021-11-08"
"RB-0075","10235009 Cleaner","837.63",7,"3.49","Wet",2,"Out of Stock","4.6","2020-04-17"
"RB-0076","6f3e0a40 Cleaner","374.52",2,"4.18","Hybrid",3,"In Stock","4.5","2023-03-19"
"RB-0077","6e06f26a Cleaner","399.31",7,"3.77","Hybrid",4,"In Stock","3.3","2024-07-11"
"RB-0078","1bd97d39 Cleaner","687.88",9,"4.75","Dry",4,"Pre-Order","3.2","2021-01-24"
"RB-0079","681fc9b0 Cleaner","777.60",3,"4.49","Hybrid",5,"In Stock","4.6","2021-07-25"
"RB-0080","453db97e Cleaner","501.67",2,"3.11","Hybrid",1,"Pre-Order","4.7","2021-09-16"
"RB-0081","7eb62947 Cleaner","284.10",8,"2.96","Dry",4,"Pre-Order","4.4","2021-02-26"
"RB-0082","A8728aa3 Cleaner","430.08",10,"2.87","Wet",5,"Pre-Order","3.8","2021-04-29"
"RB-0083","B59d9883 Cleaner","550.42",6,"3.59","Dry",5,"Pre-Order","4.7","2021-01-25"
"RB-0084","B5f5c72e Cleaner","452.21",5,"3.25","Dry",1,"Pre-Order","4.7","2023-05-24"
"RB-0085","2be1cc48 Cleaner","998.93",8,"4.25","Dry",1,"Pre-Order","3.1","2024-01-17"
"RB-0086","959190fa Cleaner","980.89",6,"4.36","Wet",2,"Out of Stock","3.8","2022-07-11"
"RB-0087","17da69b4 Cleaner","415.12",4,"3.36","Hybrid",2,"Out of Stock","4.0","2024-08-21"
"RB-0088","C2bdf014 Cleaner","960.19",7,"4.3","Dry",4,"Pre-Order","4.0","2022-03-22"
"RB-0089","5435cdf8 Cleaner","245.54",6,"3.51","Wet",5,"Out of Stock","4.7","2021-04-02"
"RB-0090","B6012703 Cleaner","356.71",1,"2.84","Wet",3,"Pre-Order","3.9","2021-11-10"
"RB-0091","25e7ffa9 Cleaner","793.76",4,"3.93","Dry",2,"Pre-Order","3.4","2024-06-05"
"RB-0092","397cb4da Cleaner","522.60",5,"3.64","Dry",2,"In Stock","4.5","2022-03-29"
"RB-0093","00cf944a Cleaner","537.40",1,"4.64","Dry",4,"Out of Stock","4.7","2020-08-17"
"RB-0094","789be3ad Cleaner","813.55",6,"2.99","Dry",5,"In Stock","3.1","2022-10-13"
"RB-0095","3d52ada3 Cleaner","228.96",10,"4.86","Hybrid",4,"Out of Stock","4.3","2024-12-22"
"RB-0096","E287cd17 Cleaner","897.18",1,"3.33","Hybrid",2,"In Stock","3.4","2022-10-06"
"RB-0097","960241ea Cleaner","384.79",7,"2.67","Wet",5,"In Stock","3.2","2021-06-02"
"RB-0098","82c8c554 Cleaner","651.79",8,"3.61","Wet",3,"In Stock","4.6","2023-03-20"
"RB-0099","Eb71f671 Cleaner","773.05",5,"3.61","Dry",5,"In Stock","4.2","2021-08-19"
"RB-0100","F37aa534 Cleaner","586.94",3,"4.92","Hybrid",3,"Out of Stock","4.1","2020-04-23"
"RB-0101","517ebc3e Cleaner","353.64",2,"2.45","Hybrid",4,"In Stock","3.9","2023-12-16"
"RB-0102","07552ff9 Cleaner","759.89",3,"3.94","Wet",4,"In Stock","3.9","2020-11-02"
"RB-0103","Ed2f5af5 Cleaner","511.35",5,"4.79","Wet",4,"Out of Stock","3.4","2020-07-24"
"RB-0104","Daa49500 Cleaner","272.77",8,"3.06","Wet",2,"Out of Stock","4.5","2020-06-01"
"RB-0105","D9995794 Cleaner","969.66",7,"3.25","Hybrid",3,"Pre-Order","3.1","2023-01-05"
"RB-0106","B4c6921f Cleaner","329.04",2,"3.04","Dry",1,"In Stock","3.8","2024-05-31"
"RB-0107","8dc4e14c Cleaner","805.18",7,"3.75","Wet",5,"Out of Stock","3.8","2020-08-14"
"RB-0108","7331402b Cleaner","666.21",6,"4.36","Dry",2,"Pre-Order","3.4","2021-03-26"
"RB-0109","1ffd137f Cleaner","763.13",6,"3.27","Dry",2,"In Stock","4.2","2021-10-24"
"RB-0110","5477cdfd Cleaner","438.45",10,"4.14","Wet",3,"In Stock","4.5","2020-06-13"
"RB-0111","74898eb2 Cleaner","320.69",3,"2.55","Hybrid",2,"Out of Stock","4.7","2022-10-21"
"RB-0112","1090f1da Cleaner","784.75",5,"3.12","Dry",2,"Pre-Order","3.5","2023-08-19"
"RB-0113","Af2b4317 Cleaner","424.82",3,"2.05","Dry",2,"In Stock","3.4","2023-01-22"
"RB-0114","5ceac6bb Cleaner","605.23",7,"4.75","Dry",3,"Out of Stock","4.7","2024-11-04"
"RB-0115","D9407f2d Cleaner","654.59",3,"3.96","Dry",2,"Out of Stock","3.5","2022-10-31"
"RB-0116","C81f99ce Cleaner","643.98",3,"4.82","Hybrid",3,"In Stock","4.6","2022-06-11"
"RB-0117","52e29fe5 Cleaner","271.06",5,"3.54","Hybrid",3,"Out of Stock","3.0","2023-03-21"
"RB-0118","D0a37ada Cleaner","808.05",6,"3.47","Wet",1,"Out of Stock","3.3","2020-03-15"
"RB-0119","Bbb7b000 Cleaner","826.85",8,"3.85","Dry",2,"Pre-Order","3.8","2023-04-17"
"RB-0120","F98dda68 Cleaner","413.56",10,"4.69","Wet",4,"Pre-Order","4.2","2021-03-30"
"RB-0121","Afca83bd Cleaner","421.19",4,"4.06","Dry",3,"Out of Stock","3.2","2021-01-08"
"RB-0122","63a612f4 Cleaner","283.26",2,"2.44","Wet",4,"Pre-Order","3.3","2020-08-25"
"RB-0123","22d257b9 Cleaner","423.42",9,"3.81","Wet",4,"In Stock","4.7","2020-03-05"
"RB-0124","D86182d0 Cleaner","410.91",9,"4.48","Hybrid",2,"In Stock","3.4","2024-07-08"
"RB-0125","975f4633 Cleaner","686.15",4,"4.21","Dry",2,"Out of Stock","4.1","2022-05-31"
"RB-0126","30a710f2 Cleaner","957.14",3,"3.48","Wet",1,"Pre-Order","4.5","2024-02-26"
"RB-0127","0f343c39 Cleaner","294.55",2,"4.68","Wet",2,"Out of Stock","3.1","2024-06-28"
"RB-0128","16c11ffb Cleaner","827.02",10,"3.12","Dry",4,"Out of Stock","4.3","2020-12-30"
"RB-0129","26746be5 Cleaner","474.52",8,"4.65","Hybrid",3,"In Stock","4.2","2022-11-12"
"RB-0130","516f91e3 Cleaner","412.25",2,"3.17","Hybrid",3,"In Stock","4.7","2022-02-17"
"RB-0131","14b8cc28 Cleaner","637.71",7,"4.89","Hybrid",1,"In Stock","4.2","2021-10-24"
"RB-0132","A9a230f9 Cleaner","446.83",7,"2.53","Wet",2,"Pre-Order","4.3","2022-01-24"
"RB-0133","041ae7f4 Cleaner","824.37",9,"4.8","Wet",1,"In Stock","4.5","2023-06-11"
"RB-0134","B4cc375a Cleaner","701.14",9,"2.36","Wet",3,"In Stock","3.2","2023-10-08"
"RB-0135","Df5a042c Cleaner","509.38",9,"3.87","Hybrid",4,"In Stock","3.8","2023-10-22"
"RB-0136","E77af5df Cleaner","955.53",5,"2.02","Wet",2,"In Stock","4.2","2023-08-01"
"RB-0137","57237b34 Cleaner","919.87",8,"3.33","Dry",2,"Out of Stock","4.5","2020-03-18"
"RB-0138","15ae6469 Cleaner","299.19",5,"3.51","Wet",4,"In Stock","4.0","2024-12-09"
"RB-0139","014d188a Cleaner","473.32",2,"4.74","Wet",2,"In Stock","4.5","2024-12-25"
"RB-0140","Ba63f6a8 Cleaner","487.12",3,"2.48","Hybrid",3,"Pre-Order","4.0","2020-02-27"
"RB-0141","Eaf7b57c Cleaner","212.89",10,"4.45","Wet",2,"Pre-Order","3.3","2021-03-23"
"RB-0142","6d769b5e Cleaner","862.25",5,"2.76","Dry",1,"Pre-Order","3.8","2022-08-14"
"RB-0143","293946cb Cleaner","254.13",2,"2.78","Wet",2,"In Stock","3.8","2020-08-12"
"RB-0144","E5790cef Cleaner","919.26",10,"4.68","Hybrid",2,"Pre-Order","4.7","2024-01-26"
"RB-0145","94c8392e Cleaner","550.59",6,"4.52","Dry",3,"Out of Stock","3.2","2024-12-01"
"RB-0146","708a0c52 Cleaner","203.32",8,"3.53","Wet",2,"Pre-Order","4.2","2024-04-08"
"RB-0147","22426e26 Cleaner","875.17",2,"3.82","Dry",2,"In Stock","4.7","2023-10-13"
"RB-0148","Ba7713ef Cleaner","847.77",8,"4.83","Dry",2,"In Stock","4.7","2024-10-02"
"RB-0149","B1c3ecaf Cleaner","689.80",8,"2.13","Hybrid",4,"Pre-Order","4.0","2024-06-18"
"RB-0150","9fe4616f Cleaner","510.16",10,"3.18","Wet",2,"Out of Stock","4.5","2023-02-17"
"RB-0151","62782f8e Cleaner","289.81",7,"4.87","Wet",2,"Pre-Order","3.3","2022-05-19"
"RB-0152","E528de3c Cleaner","659.35",4,"2.05","Dry",2,"Out of Stock","4.9","2022-09-13"
"RB-0153","25310d38 Cleaner","731.25",8,"2.65","Wet",2,"Pre-Order","3.5","2024-05-04"
"RB-0154","541b8ba3 Cleaner","818.18",4,"2.9","Dry",3,"Pre-Order","4.4","2024-08-23"
"RB-0155","4a84f184 Cleaner","917.97",2,"3.42","Wet",1,"Pre-Order","3.2","2023-07-14"
"RB-0156","8010c560 Cleaner","801.37",7,"2.48","Dry",4,"Pre-Order","4.0","2022-07-02"
"RB-0157","E4cf7f34 Cleaner","883.28",2,"3.53","Dry",3,"Out of Stock","5.0","2021-12-31"
"RB-0158","2fe8e3a6 Cleaner","370.79",2,"4.69","Dry",1,"In Stock","3.4","2020-07-11"
"RB-0159","50274630 Cleaner","672.50",8,"2.19","Dry",3,"Pre-Order","3.0","2021-05-30"
"RB-0160","6c6bf924 Cleaner","388.80",2,"2.09","Dry",1,"In Stock","3.3","2023-12-08"
"RB-0161","02bf47da Cleaner","365.20",2,"3.39","Hybrid",4,"Out of Stock","4.2","2020-10-22"
"RB-0162","6204b3b9 Cleaner","769.38",3,"3.08","Hybrid",1,"In Stock","4.2","2023-01-08"
"RB-0163","Ab82f479 Cleaner","862.36",9,"3.75","Dry",2,"In Stock","3.5","2023-11-09"
"RB-0164","89206270 Cleaner","674.38",5,"4.3","Hybrid",1,"In Stock","3.8","2024-09-16"
"RB-0165","Ebc57b4e Cleaner","985.44",9,"3.27","Dry",4,"In Stock","4.6","2020-04-28"
"RB-0166","6b906f3f Cleaner","975.49",6,"3.18","Hybrid",4,"Out of Stock","4.4","2025-01-24"
"RB-0167","Af7bbc94 Cleaner","367.66",2,"4.53","Wet",4,"Pre-Order","3.6","2022-06-24"
"RB-0168","3c3d057f Cleaner","677.81",10,"4.47","Hybrid",2,"In Stock","4.2","2020-05-19"
"RB-0169","81295007 Cleaner","426.29",5,"3.73","Wet",1,"In Stock","4.0","2024-10-02"
"RB-0170","40d9a8f3 Cleaner","625.82",4,"4.93","Wet",2,"Out of Stock","4.7","2024-04-11"
"RB-0171","Ec64243e Cleaner","624.91",6,"4.5","Dry",4,"Pre-Order","3.7","2021-03-25"
"RB-0172","05ed5533 Cleaner","732.15",4,"3.47","Hybrid",3,"Out of Stock","3.4","2022-04-16"
"RB-0173","D8047780 Cleaner","815.99",5,"2.79","Dry",2,"Out of Stock","3.8","2024-07-18"
"RB-0174","Dc93122c Cleaner","236.45",7,"2.6","Wet",3,"Pre-Order","4.3","2021-07-08"
"RB-0175","8a8634e1 Cleaner","569.36",6,"3.78","Wet",4,"In Stock","4.2","2024-06-22"
"RB-0176","F062956e Cleaner","851.10",9,"4.01","Hybrid",2,"Pre-Order","4.6","2023-04-08"
"RB-0177","Deaab1e7 Cleaner","987.55",4,"2.11","Hybrid",1,"In Stock","4.8","2023-04-26"
"RB-0178","1620bada Cleaner","632.00",10,"3.74","Wet",5,"Out of Stock","3.4","2023-02-25"
"RB-0179","A488c48f Cleaner","664.75",9,"3.93","Hybrid",5,"Out of Stock","3.4","2020-03-13"
"RB-0180","152e8e51 Cleaner","627.55",3,"3.94","Dry",3,"Out of Stock","4.8","2021-07-19"
"RB-0181","E01e194d Cleaner","513.48",4,"4.95","Dry",4,"In Stock","4.6","2024-12-05"
"RB-0182","59eeaa3b Cleaner","428.97",9,"3.52","Wet",4,"Pre-Order","3.6","2023-12-04"
"RB-0183","0425d47f Cleaner","435.67",8,"2.32","Wet",3,"Pre-Order","4.8","2023-08-09"
"RB-0184","11aee5a7 Cleaner","893.78",3,"3.76","Dry",4,"Pre-Order","3.8","2023-03-29"
"RB-0185","D6215acc Cleaner","670.25",9,"3.8","Wet",4,"In Stock","3.1","2021-11-18"
"RB-0186","17e53bd9 Cleaner","759.11",2,"3.54","Dry",4,"Pre-Order","3.2","2021-03-24"
"RB-0187","B52c5ec4 Cleaner","617.32",6,"2.46","Wet",5,"In Stock","4.1","2022-08-16"
"RB-0188","D9323924 Cleaner","887.09",4,"3.31","Dry",2,"In Stock","3.3","2022-05-08"
"RB-0189","2d433d96 Cleaner","768.60",6,"4.48","Wet",5,"Pre-Order","3.5","2021-10-18"
"RB-0190","B74965af Cleaner","838.63",2,"2.83","Hybrid",3,"Pre-Order","3.7","2022-03-21"
"RB-0191","Da35a8a7 Cleaner","456.15",7,"4.47","Wet",1,"In Stock","3.2","2024-12-18"
"RB-0192","877ff943 Cleaner","702.23",8,"2.25","Hybrid",2,"In Stock","4.0","2024-02-15"
"RB-0193","D3e06294 Cleaner","448.00",4,"2.22","Dry",2,"Out of Stock","3.1","2020-02-10"
"RB-0194","Dae35561 Cleaner","799.08",8,"3.46","Hybrid",4,"Pre-Order","4.0","2024-01-01"
"RB-0195","Ff6fdc36 Cleaner","988.46",9,"4.42","Dry",4,"In Stock","3.8","2020-12-10"
"RB-0196","Baee4e77 Cleaner","745.38",9,"4.85","Wet",2,"In Stock","4.8","2023-05-04"
"RB-0197","28f69b8f Cleaner","367.55",7,"3.56","Dry",2,"In Stock","3.2","2024-06-08"
"RB-0198","C9298e92 Cleaner","991.09",10,"3.92","Wet",3,"In Stock","3.4","2020-08-01"
"RB-0199","57628880 Cleaner","576.90",1,"4.37","Wet",4,"Pre-Order","4.2","2021-08-29"
"RB-0200","247f07a8 Cleaner","319.22",6,"3.51","Wet",1,"Out of Stock","4.0","2023-09-19"
"RB-0201","1ab36c80 Cleaner","388.00",8,"3.55","Wet",3,"Out of Stock","3.4","2022-10-16"
"RB-0202","4db2cbf2 Cleaner","894.14",2,"4.77","Dry",3,"Out of Stock","4.6","2022-06-17"
"RB-0203","F3d652f6 Cleaner","694.06",5,"2.7","Hybrid",1,"Pre-Order","3.7","2021-02-06"
"RB-0204","B30951f0 Cleaner","415.35",9,"4.74","Wet",2,"In Stock","4.0","2024-06-28"
"RB-0205","F883f37f Cleaner","251.76",3,"2.95","Hybrid",2,"Pre-Order","3.9","2022-10-14"
"RB-0206","B6c127ba Cleaner","447.85",9,"4.97","Dry",2,"In Stock","3.2","2023-04-05"
"RB-0207","Ce20664e Cleaner","286.28",3,"3.12","Dry",2,"Out of Stock","4.2","2021-03-01"
"RB-0208","A4fdd127 Cleaner","339.42",5,"2.64","Hybrid",5,"In Stock","4.5","2024-04-28"
"RB-0209","0ca79aaf Cleaner","735.35",3,"3.65","Hybrid",5,"Out of Stock","4.7","2020-03-25"
"RB-0210","F5bfb26b Cleaner","975.61",5,"2.41","Wet",2,"In Stock","3.3","2022-02-11"
"RB-0211","8c5fa0e9 Cleaner","796.14",2,"2.22","Dry",4,"In Stock","3.4","2023-07-22"
"RB-0212","Bd65dbe3 Cleaner","979.27",8,"2.13","Wet",2,"Pre-Order","4.4","2024-11-29"
"RB-0213","Ba771f62 Cleaner","480.47",10,"2.53","Hybrid",4,"In Stock","4.9","2024-10-02"
"RB-0214","Bf2c4f8a Cleaner","477.13",2,"3.07","Wet",1,"In Stock","3.7","2024-06-30"
"RB-0215","53ca3f13 Cleaner","683.50",10,"4.37","Dry",2,"Pre-Order","4.2","2023-08-18"
"RB-0216","70ced1ed Cleaner","670.38",6,"4.42","Hybrid",5,"Out of Stock","4.7","2022-07-16"
"RB-0217","29111175 Cleaner","814.47",9,"3.99","Wet",1,"Out of Stock","4.1","2023-09-26"
"RB-0218","Dbecfbc6 Cleaner","303.87",10,"2.37","Dry",4,"Out of Stock","3.5","2023-04-11"
"RB-0219","B6e056d0 Cleaner","755.59",10,"3.6","Hybrid",2,"Out of Stock","3.6","2023-07-25"
"RB-0220","D8cedc00 Cleaner","569.73",8,"4.95","Dry",1,"Out of Stock","3.3","2024-12-11"
"RB-0221","5ef364f6 Cleaner","285.07",9,"4.14","Hybrid",3,"Pre-Order","4.6","2020-04-29"
"RB-0222","A7536153 Cleaner","538.84",4,"2.86","Wet",2,"Out of Stock","3.2","2021-06-10"
"RB-0223","0a421259 Cleaner","554.55",9,"4.25","Hybrid",5,"Out of Stock","3.6","2020-11-05"
"RB-0224","1fea0a37 Cleaner","750.01",1,"3.99","Wet",3,"Out of Stock","3.3","2021-07-16"
"RB-0225","000a0489 Cleaner","567.95",9,"4.72","Hybrid",3,"Out of Stock","4.5","2023-10-30"
"RB-0226","8c4c3f1f Cleaner","579.90",6,"3.88","Dry",2,"In Stock","3.0","2024-03-15"
"RB-0227","10789bd9 Cleaner","368.93",3,"2.43","Wet",2,"In Stock","4.0","2022-09-01"
"RB-0228","44de6d76 Cleaner","946.79",3,"4.13","Hybrid",2,"Out of Stock","3.1","2024-11-15"
"RB-0229","1dbf17a8 Cleaner","555.45",4,"3.86","Hybrid",4,"Pre-Order","4.0","2020-12-09"
"RB-0230","Ad61714a Cleaner","458.17",3,"2.68","Hybrid",4,"In Stock","3.7","2023-04-23"
"RB-0231","Aa6a4cd7 Cleaner","671.35",7,"2.57","Dry",1,"Out of Stock","3.2","2024-12-03"
"RB-0232","6f99c168 Cleaner","963.39",10,"3.49","Dry",4,"Out of Stock","3.6","2024-08-08"
"RB-0233","Edcee554 Cleaner","424.27",8,"4.82","Dry",1,"Out of Stock","3.5","2021-08-08"
"RB-0234","78baa12d Cleaner","944.57",7,"2.63","Dry",4,"In Stock","3.4","2022-11-20"
"RB-0235","Fbd14192 Cleaner","663.55",5,"2.06","Dry",3,"Out of Stock","3.8","2024-11-01"
"RB-0236","402a5b46 Cleaner","689.48",7,"3.27","Wet",3,"In Stock","3.6","2023-11-20"
"RB-0237","93e61b47 Cleaner","686.81",5,"2.25","Wet",4,"In Stock","3.5","2024-04-18"
"RB-0238","F3a9085c Cleaner","779.60",2,"4.53","Hybrid",3,"In Stock","3.7","2020-05-31"
"RB-0239","Ec0edd09 Cleaner","539.45",3,"2.49","Wet",5,"In Stock","5.0","2024-10-08"
"RB-0240","7a167191 Cleaner","478.62",2,"4.61","Wet",4,"Pre-Order","3.4","2023-10-04"
"RB-0241","44eadb53 Cleaner","835.37",10,"3.01","Wet",2,"In Stock","3.7","2022-05-06"
"RB-0242","57a5cda7 Cleaner","995.59",8,"4.94","Hybrid",2,"In Stock","3.2","2023-10-27"
"RB-0243","7b4f33fe Cleaner","963.86",8,"4.38","Wet",3,"Out of Stock","4.0","2025-01-17"
"RB-0244","5d5acd73 Cleaner","287.77",2,"3.2","Hybrid",2,"Pre-Order","3.1","2024-12-08"
"RB-0245","9c9c2eac Cleaner","818.84",5,"4.28","Hybrid",4,"Out of Stock","3.5","2023-01-01"
"RB-0246","Ed3070a9 Cleaner","573.61",5,"3.87","Wet",3,"Out of Stock","4.5","2020-06-30"
"RB-0247","453d68e0 Cleaner","724.47",1,"3.48","Dry",4,"In Stock","3.2","2020-10-02"
"RB-0248","65e38488 Cleaner","525.92",10,"4.24","Wet",2,"In Stock","3.1","2023-10-07"
"RB-0249","44e4804a Cleaner","527.57",5,"3.38","Hybrid",3,"Pre-Order","3.5","2024-01-29"
"RB-0250","38dfdab0 Cleaner","751.49",2,"2.51","Dry",4,"In Stock","5.0","2022-10-31"
"RB-0251","4582064f Cleaner","714.63",5,"2.92","Hybrid",4,"Out of Stock","4.7","2020-07-31"
"RB-0252","1fe91b44 Cleaner","614.33",3,"4.82","Hybrid",2,"Pre-Order","4.0","2020-12-19"
"RB-0253","5af56d6e Cleaner","771.71",4,"2.21","Hybrid",5,"In Stock","4.5","2023-12-05"
"RB-0254","8756ef7b Cleaner","846.10",7,"2.24","Dry",3,"Pre-Order","3.5","2022-01-03"
"RB-0255","08446c6e Cleaner","851.22",6,"4.56","Dry",1,"Out of Stock","3.6","2020-09-27"
"RB-0256","8b20140f Cleaner","332.20",2,"4.34","Dry",4,"In Stock","4.3","2024-04-15"
"RB-0257","A4bbd1e9 Cleaner","924.84",3,"4.68","Dry",3,"Pre-Order","4.1","2020-11-17"
"RB-0258","7e7546f9 Cleaner","519.96",8,"2.87","Dry",1,"Out of Stock","4.7","2021-07-11"
"RB-0259","0560df68 Cleaner","716.61",1,"2.55","Dry",4,"Pre-Order","4.4","2020-12-27"
"RB-0260","Bc414e66 Cleaner","303.40",1,"4.84","Dry",4,"Pre-Order","4.7","2020-07-30"
"RB-0261","Ed27d856 Cleaner","686.04",7,"4.81","Dry",3,"Out of Stock","3.4","2022-10-04"
"RB-0262","39e40310 Cleaner","663.51",9,"4.43","Dry",4,"In Stock","4.7","2021-11-02"
"RB-0263","A394cbfa Cleaner","357.32",1,"3.97","Wet",1,"Out of Stock","3.1","2023-03-08"
"RB-0264","169a4db4 Cleaner","972.92",3,"4.88","Wet",1,"Out of Stock","3.3","2024-09-15"
"RB-0265","Cdd29fdd Cleaner","881.00",2,"3.15","Hybrid",2,"In Stock","3.3","2023-01-18"
"RB-0266","68ecf648 Cleaner","887.58",9,"3","Wet",2,"Pre-Order","3.2","2022-08-30"
"RB-0267","D234603b Cleaner","497.27",9,"4.74","Dry",4,"Pre-Order","3.6","2020-08-29"
"RB-0268","37fdf134 Cleaner","690.81",9,"3.31","Wet",2,"Out of Stock","3.8","2022-12-20"
"RB-0269","3d18cb07 Cleaner","679.98",7,"2.74","Wet",3,"Out of Stock","3.0","2020-02-16"
"RB-0270","39409533 Cleaner","296.92",7,"3.41","Dry",3,"Out of Stock","4.3","2022-12-17"
"RB-0271","94a61548 Cleaner","614.34",10,"4.14","Wet",2,"Pre-Order","3.7","2025-01-26"
"RB-0272","9872346c Cleaner","340.05",2,"4.22","Dry",2,"Out of Stock","3.9","2022-03-09"
"RB-0273","8c53f44a Cleaner","461.71",8,"3.98","Hybrid",5,"Out of Stock","3.4","2024-08-28"
"RB-0274","E73ae7fb Cleaner","540.27",5,"2.06","Hybrid",3,"Pre-Order","4.5","2021-06-21"
"RB-0275","Bf2e6cfe Cleaner","331.07",6,"3.94","Wet",3,"Pre-Order","3.8","2021-06-26"
"RB-0276","66ef26ff Cleaner","644.41",2,"4.7","Wet",4,"In Stock","4.8","2020-05-10"
"RB-0277","79e91734 Cleaner","443.53",6,"4.36","Dry",2,"Out of Stock","3.2","2024-03-20"
"RB-0278","27a98234 Cleaner","242.72",1,"3.54","Dry",2,"In Stock","3.7","2020-03-11"
"RB-0279","165a8201 Cleaner","482.42",4,"3.58","Wet",3,"Pre-Order","3.5","2024-08-03"
"RB-0280","904e4f0e Cleaner","628.51",2,"4.23","Dry",2,"Out of Stock","3.7","2022-04-09"
"RB-0281","3f7f97db Cleaner","904.98",3,"3.9","Wet",3,"Pre-Order","4.0","2020-12-05"
"RB-0282","F56e7525 Cleaner","837.25",7,"3.78","Hybrid",3,"Pre-Order","4.6","2023-03-05"
"RB-0283","1bda966e Cleaner","758.43",6,"2.77","Dry",2,"Out of Stock","3.3","2025-01-02"
"RB-0284","E536a4ae Cleaner","688.33",2,"3.23","Wet",5,"In Stock","4.2","2021-12-20"
"RB-0285","Fdaa2b03 Cleaner","675.10",5,"3.53","Hybrid",1,"In Stock","3.7","2023-07-06"
"RB-0286","7a8b3bf7 Cleaner","341.06",7,"4.62","Hybrid",5,"In Stock","4.8","2022-06-19"
"RB-0287","37d7a458 Cleaner","876.42",8,"2.85","Wet",1,"Out of Stock","4.0","2021-05-16"
"RB-0288","35629661 Cleaner","571.23",4,"4.53","Wet",1,"Pre-Order","4.1","2024-10-26"
"RB-0289","Bde26761 Cleaner","437.17",8,"4.27","Dry",2,"In Stock","3.3","2024-05-28"
"RB-0290","7b86ae35 Cleaner","226.31",2,"3.25","Wet",3,"Pre-Order","3.3","2023-08-12"
"RB-0291","7d150e6e Cleaner","890.58",2,"3.03","Dry",4,"In Stock","3.6","2024-04-17"
"RB-0292","9702b9cf Cleaner","588.65",6,"2.85","Dry",3,"Out of Stock","4.3","2020-11-25"
"RB-0293","40ed99c6 Cleaner","372.48",8,"2.38","Dry",4,"Out of Stock","3.3","2025-01-27"
"RB-0294","F3980bfc Cleaner","538.36",10,"2.61","Wet",2,"Pre-Order","4.0","2024-04-08"
"RB-0295","47091828 Cleaner","794.77",10,"4.19","Hybrid",1,"Out of Stock","4.0","2022-08-01"
"RB-0296","E52b7748 Cleaner","276.26",4,"4.83","Dry",3,"Pre-Order","3.5","2024-04-26"
"RB-0297","Ecdf655f Cleaner","741.29",2,"2.19","Wet",4,"In Stock","4.4","2025-01-15"
"RB-0298","8769917e Cleaner","612.56",8,"4.59","Dry",4,"Out of Stock","4.4","2021-01-19"
"RB-0299","Eb18632c Cleaner","733.95",10,"2.75","Dry",3,"Out of Stock","3.3","2022-08-22"
"RB-0300","81720ecf Cleaner","478.68",3,"2.64","Hybrid",2,"In Stock","3.0","2021-06-14"
"RB-0301","8e8aaa9b Cleaner","514.77",1,"4","Hybrid",2,"In Stock","4.8","2022-12-22"
"RB-0302","3c8f4c8e Cleaner","568.30",5,"4.89","Hybrid",3,"Out of Stock","3.3","2023-10-12"
"RB-0303","D9f9f886 Cleaner","646.59",4,"4.56","Hybrid",2,"Out of Stock","4.5","2024-10-20"
"RB-0304","1a43ee0e Cleaner","747.56",9,"4.39","Wet",2,"In Stock","4.3","2022-07-03"
"RB-0305","379527ee Cleaner","436.07",4,"3.21","Hybrid",2,"Pre-Order","4.8","2022-03-11"
"RB-0306","5e65756d Cleaner","451.75",1,"4.34","Dry",4,"In Stock","3.5","2021-11-18"
"RB-0307","2843343e Cleaner","402.46",8,"4.86","Wet",3,"Pre-Order","4.4","2022-05-31"
"RB-0308","1ff564da Cleaner","536.49",5,"4.2","Hybrid",4,"Pre-Order","4.7","2021-11-22"
"RB-0309","5530341e Cleaner","207.98",2,"2.26","Dry",3,"In Stock","4.1","2023-03-09"
"RB-0310","5ca1e08c Cleaner","846.66",9,"4.39","Hybrid",3,"In Stock","4.5","2021-09-26"
"RB-0311","249f98e7 Cleaner","947.28",2,"2.1","Hybrid",5,"Out of Stock","4.7","2020-02-13"
"RB-0312","19992d15 Cleaner","584.22",4,"4.1","Hybrid",4,"Pre-Order","3.5","2023-01-11"
"RB-0313","E45d7c35 Cleaner","535.82",3,"4.24","Dry",3,"Out of Stock","3.8","2021-03-29"
"RB-0314","F3a25c7c Cleaner","347.03",6,"2.99","Hybrid",2,"In Stock","3.8","2022-05-25"
"RB-0315","4167d5a7 Cleaner","265.23",2,"4.9","Dry",4,"In Stock","3.8","2020-08-16"
"RB-0316","B69bf846 Cleaner","810.65",2,"3.66","Wet",3,"Out of Stock","4.1","2024-01-24"
"RB-0317","22ce71c4 Cleaner","481.17",5,"2.53","Dry",2,"Out of Stock","4.9","2020-03-27"
"RB-0318","32309d60 Cleaner","486.23",2,"4.66","Wet",4,"Pre-Order","3.4","2020-10-28"
"RB-0319","Ecd954e1 Cleaner","244.14",1,"3.55","Wet",4,"Out of Stock","4.0","2023-12-04"
"RB-0320","04950c92 Cleaner","730.16",2,"4.95","Dry",2,"Out of Stock","4.0","2023-02-02"
"RB-0321","010edf96 Cleaner","700.67",6,"2.82","Wet",4,"In Stock","3.4","2024-04-01"
"RB-0322","6c3991ff Cleaner","744.82",6,"3.01","Wet",1,"In Stock","4.3","2022-11-25"
"RB-0323","63a9f782 Cleaner","972.13",9,"3.39","Hybrid",5,"Out of Stock","4.4","2021-05-14"
"RB-0324","0ec2c6a7 Cleaner","981.13",5,"3.54","Wet",1,"Pre-Order","4.6","2020-08-14"
"RB-0325","C8a7d431 Cleaner","933.31",8,"4.4","Dry",1,"Pre-Order","3.7","2024-04-08"
"RB-0326","A7e34d31 Cleaner","417.16",3,"4.03","Dry",4,"Pre-Order","4.3","2024-01-09"
"RB-0327","2ef5df2f Cleaner","592.13",6,"2.95","Dry",4,"Out of Stock","3.7","2024-12-09"
"RB-0328","D52fe7b2 Cleaner","573.93",6,"2.66","Dry",1,"In Stock","4.3","2023-08-11"
"RB-0329","73da4380 Cleaner","679.67",6,"2.54","Dry",1,"In Stock","4.2","2024-11-06"
"RB-0330","C22f3559 Cleaner","537.12",6,"4.21","Hybrid",4,"Out of Stock","3.1","2023-10-21"
"RB-0331","91553be9 Cleaner","352.38",4,"3.43","Wet",5,"In Stock","4.6","2023-03-19"
"RB-0332","85e593e5 Cleaner","410.15",1,"2.9","Hybrid",2,"In Stock","4.7","2021-08-08"
"RB-0333","99638ff3 Cleaner","550.86",7,"4.42","Wet",5,"Pre-Order","3.3","2024-07-07"
"RB-0334","421f41ba Cleaner","955.60",2,"2.25","Dry",3,"Pre-Order","3.9","2023-08-22"
"RB-0335","B3e416d7 Cleaner","898.51",7,"4.47","Dry",5,"Out of Stock","4.4","2022-10-10"
"RB-0336","4f4ef09c Cleaner","933.93",9,"2.8","Wet",1,"Out of Stock","3.2","2020-12-21"
"RB-0337","F1471c20 Cleaner","596.02",8,"4.24","Hybrid",3,"Out of Stock","3.2","2023-03-31"
"RB-0338","Cbea056c Cleaner","372.54",10,"3.04","Dry",4,"In Stock","3.0","2022-12-04"
"RB-0339","C01793c0 Cleaner","272.03",4,"2.26","Hybrid",2,"Out of Stock","3.1","2024-07-25"
"RB-0340","22ce8c6f Cleaner","691.51",4,"2.75","Wet",2,"In Stock","4.1","2022-02-18"
"RB-0341","A321fb57 Cleaner","546.68",9,"3.16","Wet",4,"Pre-Order","3.5","2022-02-15"
"RB-0342","Cfa3cfc0 Cleaner","692.64",2,"4.35","Dry",4,"Out of Stock","4.8","2020-04-14"
"RB-0343","Aa2e8f20 Cleaner","570.94",9,"2","Dry",3,"Out of Stock","4.6","2020-10-02"
"RB-0344","590d3bc3 Cleaner","945.31",9,"4.09","Wet",3,"Pre-Order","3.9","2024-05-12"
"RB-0345","74990659 Cleaner","460.58",9,"2.61","Hybrid",5,"In Stock","4.6","2020-02-07"
"RB-0346","E6fda90d Cleaner","290.61",8,"3.92","Wet",3,"Out of Stock","3.6","2020-12-04"
"RB-0347","D8df5c31 Cleaner","909.55",1,"3.25","Hybrid",5,"In Stock","4.3","2022-01-23"
"RB-0348","1f8e4f7b Cleaner","498.19",5,"4.94","Hybrid",4,"Pre-Order","4.6","2023-04-06"
"RB-0349","Dba15624 Cleaner","224.84",3,"2.43","Hybrid",2,"In Stock","4.0","2021-07-01"
"RB-0350","7bfb3433 Cleaner","749.29",1,"4.92","Wet",2,"In Stock","4.3","2023-03-28"
"RB-0351","E4acd658 Cleaner","285.64",10,"4.9","Hybrid",4,"In Stock","4.1","2021-07-21"
"RB-0352","F209bcf9 Cleaner","443.19",6,"2.11","Wet",5,"Pre-Order","3.4","2020-09-22"
"RB-0353","9323f6f2 Cleaner","985.20",3,"4.28","Dry",4,"Out of Stock","4.1","2022-11-27"
"RB-0354","49039534 Cleaner","387.86",1,"2.51","Hybrid",5,"Pre-Order","4.4","2024-05-13"
"RB-0355","20ddf367 Cleaner","842.40",10,"3.8","Hybrid",4,"Pre-Order","4.2","2023-10-24"
"RB-0356","508d6570 Cleaner","853.21",3,"3.34","Dry",1,"In Stock","3.7","2020-10-29"
"RB-0357","8a67fca2 Cleaner","983.38",1,"4.89","Dry",3,"In Stock","4.6","2022-04-26"
"RB-0358","955c06f5 Cleaner","399.69",7,"4.57","Dry",4,"In Stock","3.9","2024-01-24"
"RB-0359","9e7a5c35 Cleaner","476.07",9,"2.51","Hybrid",5,"In Stock","4.7","2022-10-30"
"RB-0360","1cb4bb8f Cleaner","849.17",1,"3.32","Dry",5,"In Stock","3.5","2024-03-30"
"RB-0361","Bec2c905 Cleaner","675.64",8,"4.04","Dry",5,"Out of Stock","4.2","2020-03-03"
"RB-0362","Dbd8dff0 Cleaner","652.69",8,"4.98","Hybrid",4,"Pre-Order","4.2","2021-08-18"
"RB-0363","A8f334d8 Cleaner","295.19",9,"3.93","Hybrid",2,"In Stock","4.1","2021-11-08"
"RB-0364","Cf0e1ca0 Cleaner","250.57",1,"3.01","Wet",2,"Pre-Order","4.6","2020-10-19"
"RB-0365","28c69ed4 Cleaner","553.66",6,"3.73","Hybrid",2,"Pre-Order","4.5","2022-09-10"
"RB-0366","Ab8ccbf7 Cleaner","212.39",1,"3.52","Hybrid",1,"In Stock","3.8","2020-02-10"
"RB-0367","D14caf47 Cleaner","378.21",7,"2.6","Wet",2,"Pre-Order","4.6","2021-04-20"
"RB-0368","Daea9dd3 Cleaner","289.81",4,"3.48","Wet",4,"In Stock","3.7","2024-12-13"
"RB-0369","9026969f Cleaner","480.46",2,"3.38","Wet",4,"Out of Stock","3.5","2024-05-17"
"RB-0370","B2e2a700 Cleaner","746.97",7,"3.13","Wet",1,"Out of Stock","4.5","2023-05-04"
"RB-0371","1f8241fd Cleaner","877.35",5,"2.01","Dry",1,"Pre-Order","4.1","2022-04-23"
"RB-0372","A741acbf Cleaner","571.55",1,"2.73","Dry",5,"In Stock","3.9","2022-11-12"
"RB-0373","2ada0551 Cleaner","946.57",5,"2","Wet",4,"In Stock","4.8","2021-06-14"
"RB-0374","58b94d70 Cleaner","494.77",7,"4.95","Dry",5,"In Stock","4.1","2023-04-29"
"RB-0375","E711ce39 Cleaner","868.92",6,"4.18","Wet",4,"Pre-Order","3.9","2023-10-31"
"RB-0376","883e2251 Cleaner","834.78",2,"4.92","Dry",5,"Pre-Order","3.8","2021-09-12"
"RB-0377","955c7db8 Cleaner","555.95",2,"3.97","Wet",2,"Pre-Order","4.5","2020-07-24"
"RB-0378","7a1dad16 Cleaner","373.98",9,"4.24","Wet",3,"In Stock","4.8","2020-07-04"
"RB-0379","1553bf44 Cleaner","225.94",9,"2.68","Dry",1,"Pre-Order","4.0","2020-05-09"
"RB-0380","61b1a0c6 Cleaner","653.14",7,"2.82","Dry",3,"Out of Stock","4.6","2021-07-11"
"RB-0381","978ec6a9 Cleaner","698.63",9,"2.84","Wet",4,"Pre-Order","3.1","2022-02-02"
"RB-0382","81bd2bd2 Cleaner","286.84",6,"2.6","Hybrid",5,"Pre-Order","3.6","2023-11-12"
"RB-0383","43595cd4 Cleaner","382.39",4,"2.61","Dry",1,"Out of Stock","3.2","2024-08-07"
"RB-0384","Db7d32dc Cleaner","573.89",2,"2.99","Hybrid",2,"In Stock","4.1","2021-06-17"
"RB-0385","00173168 Cleaner","660.95",3,"3.53","Wet",4,"In Stock","3.3","2021-01-21"
"RB-0386","27569e3a Cleaner","280.55",9,"3.57","Dry",5,"Pre-Order","4.8","2021-10-08"
"RB-0387","0945482d Cleaner","701.34",8,"4.11","Wet",2,"Out of Stock","3.3","2020-08-23"
"RB-0388","2cb00492 Cleaner","377.07",8,"3.49","Hybrid",3,"Pre-Order","4.0","2024-11-03"
"RB-0389","De988263 Cleaner","624.46",3,"4.59","Dry",4,"Pre-Order","3.7","2021-01-08"
"RB-0390","B2809b89 Cleaner","917.03",6,"4.68","Dry",4,"Out of Stock","4.0","2024-04-28"
"RB-0391","45605b6b Cleaner","504.14",8,"4.84","Hybrid",2,"In Stock","4.4","2024-02-04"
"RB-0392","6b602da0 Cleaner","766.93",9,"2.69","Wet",4,"In Stock","4.4","2023-10-25"
"RB-0393","F4b2e475 Cleaner","558.69",1,"3.57","Dry",4,"In Stock","3.8","2024-08-02"
"RB-0394","Aca4a00d Cleaner","530.11",1,"4.51","Dry",4,"Out of Stock","3.4","2022-04-28"
"RB-0395","Ac7ff9ae Cleaner","428.26",6,"4.63","Hybrid",4,"In Stock","4.7","2021-04-03"
"RB-0396","92977979 Cleaner","472.03",9,"3.92","Wet",3,"In Stock","4.7","2024-06-15"
"RB-0397","Bda01c5c Cleaner","231.79",3,"4.47","Wet",3,"Out of Stock","4.3","2022-08-23"
"RB-0398","C5c475ef Cleaner","746.72",4,"4.29","Hybrid",2,"In Stock","3.5","2022-04-25"
"RB-0399","742ccf11 Cleaner","402.36",4,"3.71","Wet",1,"Out of Stock","4.6","2020-02-09"
"RB-0400","5f7306b6 Cleaner","560.21",1,"3.65","Wet",5,"Pre-Order","3.1","2023-02-02"
"RB-0401","A3c76c19 Cleaner","839.18",7,"3.82","Dry",3,"Pre-Order","4.8","2023-03-17"
"RB-0402","Abf49c85 Cleaner","614.51",7,"3.4","Dry",2,"Pre-Order","3.9","2021-09-22"
"RB-0403","2960e24f Cleaner","336.57",7,"4.35","Dry",2,"Out of Stock","4.4","2020-07-10"
"RB-0404","4002830b Cleaner","275.37",5,"2.46","Dry",4,"Out of Stock","3.8","2021-05-12"
"RB-0405","995a675c Cleaner","978.07",9,"3.06","Wet",1,"Pre-Order","3.4","2024-09-30"
"RB-0406","11ffccd7 Cleaner","250.56",4,"2.9","Hybrid",3,"Out of Stock","4.8","2024-10-18"
"RB-0407","Dab258d0 Cleaner","958.14",3,"4.9","Wet",4,"Out of Stock","4.9","2020-06-03"
"RB-0408","Feb82a6f Cleaner","669.34",3,"4.59","Wet",4,"Out of Stock","3.9","2021-09-04"
"RB-0409","3f19a857 Cleaner","738.88",6,"2.7","Hybrid",4,"Pre-Order","4.5","2024-03-11"
"RB-0410","935715fe Cleaner","608.08",4,"2.25","Wet",3,"In Stock","4.4","2024-06-02"
"RB-0411","D1dadf30 Cleaner","523.38",4,"3.29","Wet",3,"Out of Stock","4.8","2023-02-01"
"RB-0412","Ad513059 Cleaner","577.00",4,"4.76","Wet",2,"In Stock","3.5","2021-03-07"
"RB-0413","Ed76a9b6 Cleaner","626.91",6,"3.88","Dry",4,"In Stock","3.2","2021-07-10"
"RB-0414","857911db Cleaner","917.74",3,"2.57","Hybrid",5,"Pre-Order","3.4","2022-09-24"
"RB-0415","5926b0a0 Cleaner","807.64",5,"3.32","Wet",2,"Pre-Order","4.7","2022-01-28"
"RB-0416","67b25cdc Cleaner","772.48",9,"2.93","Wet",3,"In Stock","4.5","2023-12-09"
"RB-0417","214e9f43 Cleaner","505.74",4,"3.34","Hybrid",4,"Pre-Order","4.6","2021-03-21"
"RB-0418","8440b7dc Cleaner","568.31",2,"2.7","Dry",5,"Pre-Order","4.7","2020-12-11"
"RB-0419","6dd57512 Cleaner","744.78",2,"4.77","Dry",3,"Pre-Order","3.5","2025-01-02"
"RB-0420","E439747e Cleaner","467.24",5,"4.87","Wet",2,"Pre-Order","3.3","2022-05-08"
"RB-0421","565ae7bb Cleaner","332.49",3,"3.03","Wet",4,"Out of Stock","4.7","2023-06-19"
"RB-0422","73fc7d8f Cleaner","403.93",6,"3.42","Wet",2,"Out of Stock","4.2","2023-06-17"
"RB-0423","A9abfb05 Cleaner","463.21",10,"3.06","Wet",1,"In Stock","3.6","2021-04-02"
"RB-0424","De14d2b5 Cleaner","939.24",9,"3","Wet",5,"Out of Stock","4.9","2024-03-29"
"RB-0425","38e17396 Cleaner","982.47",7,"2.91","Hybrid",5,"Pre-Order","4.2","2021-02-12"
"RB-0426","F36f3d4e Cleaner","207.95",1,"4.97","Wet",4,"Pre-Order","4.0","2022-11-25"
"RB-0427","9044a150 Cleaner","612.98",7,"2.17","Wet",2,"In Stock","4.0","2024-06-02"
"RB-0428","60e63e4e Cleaner","759.09",6,"2.8","Wet",2,"Out of Stock","3.6","2023-08-02"
"RB-0429","C9eef5f4 Cleaner","764.52",4,"3.44","Hybrid",2,"Out of Stock","4.8","2020-09-23"
"RB-0430","E4baafbd Cleaner","833.11",8,"3.44","Dry",2,"Out of Stock","4.9","2021-04-11"
"RB-0431","E5184c4d Cleaner","421.91",5,"4.06","Wet",3,"In Stock","3.2","2024-09-25"
"RB-0432","4c2ce30c Cleaner","493.99",1,"4.84","Wet",1,"Pre-Order","3.4","2020-03-24"
"RB-0433","9991a7ab Cleaner","990.94",6,"3.81","Wet",1,"Pre-Order","3.0","2020-06-19"
"RB-0434","B41f607b Cleaner","837.77",9,"2.93","Hybrid",2,"Out of Stock","3.9","2024-11-24"
"RB-0435","6b48e7db Cleaner","517.38",9,"3.87","Hybrid",5,"Out of Stock","3.8","2021-11-28"
"RB-0436","7c475a7f Cleaner","346.05",7,"4.84","Dry",1,"Out of Stock","4.0","2020-05-31"
"RB-0437","284f8fdb Cleaner","596.38",9,"2.78","Dry",3,"Pre-Order","4.3","2024-12-06"
"RB-0438","1f4c5f51 Cleaner","634.21",5,"3.78","Hybrid",2,"Pre-Order","4.2","2024-05-30"
"RB-0439","401aac37 Cleaner","671.26",8,"4.34","Hybrid",1,"Out of Stock","4.7","2024-04-29"
"RB-0440","Fde628d3 Cleaner","280.04",3,"4.84","Wet",1,"In Stock","3.1","2021-06-18"
"RB-0441","0a469a76 Cleaner","435.29",9,"3.88","Hybrid",4,"Out of Stock","4.7","2024-04-12"
"RB-0442","Ed759b42 Cleaner","561.10",3,"4.3","Wet",1,"In Stock","3.8","2023-11-09"
"RB-0443","800a942d Cleaner","307.57",5,"3.49","Hybrid",3,"Pre-Order","3.4","2020-09-29"
"RB-0444","F92015b7 Cleaner","529.83",10,"4.55","Wet",4,"Pre-Order","3.5","2023-10-12"
"RB-0445","Dedffe2a Cleaner","535.06",3,"4.64","Wet",3,"Pre-Order","3.3","2020-10-19"
"RB-0446","D89ab6b2 Cleaner","684.25",2,"4.12","Dry",3,"Out of Stock","4.0","2022-02-03"
"RB-0447","D1aa8185 Cleaner","521.60",4,"4.22","Wet",4,"Out of Stock","3.2","2020-09-22"
"RB-0448","E8491d8b Cleaner","672.91",6,"3.35","Dry",4,"In Stock","3.2","2025-01-06"
"RB-0449","15b61fee Cleaner","519.06",2,"4.88","Hybrid",2,"Out of Stock","3.9","2021-05-28"
"RB-0450","C8f401e7 Cleaner","843.81",9,"3.25","Hybrid",4,"Pre-Order","3.1","2022-09-06"
"RB-0451","1f81d7f2 Cleaner","399.07",6,"4.87","Wet",4,"Out of Stock","3.7","2024-09-14"
"RB-0452","932cbcf2 Cleaner","251.23",1,"3.12","Dry",4,"Out of Stock","4.0","2024-11-17"
"RB-0453","2e810653 Cleaner","276.72",4,"3.23","Hybrid",4,"In Stock","3.4","2023-10-24"
"RB-0454","Cced7192 Cleaner","375.40",8,"2.08","Hybrid",4,"Pre-Order","4.2","2020-12-31"
"RB-0455","Ca67374b Cleaner","845.78",3,"3.05","Dry",2,"Pre-Order","4.8","2022-04-23"
"RB-0456","48fd928d Cleaner","656.54",9,"2.46","Hybrid",2,"In Stock","3.6","2024-11-05"
"RB-0457","7e02d729 Cleaner","361.73",3,"4.13","Hybrid",4,"Out of Stock","4.4","2021-07-26"
"RB-0458","19ee0545 Cleaner","453.43",9,"3.77","Hybrid",1,"Pre-Order","3.7","2020-08-15"
"RB-0459","C6a32ff6 Cleaner","775.61",9,"4.11","Hybrid",2,"Pre-Order","4.6","2023-07-25"
"RB-0460","61c989de Cleaner","244.56",3,"3.95","Wet",3,"Out of Stock","4.7","2022-08-08"
"RB-0461","Ad22b847 Cleaner","880.46",7,"3.31","Hybrid",4,"In Stock","3.0","2024-07-12"
"RB-0462","264526eb Cleaner","480.27",8,"3.03","Hybrid",3,"Out of Stock","4.6","2020-08-16"
"RB-0463","93c60ca8 Cleaner","377.48",5,"4.19","Hybrid",1,"Pre-Order","3.0","2024-07-17"
"RB-0464","46445bc0 Cleaner","326.55",5,"3.11","Dry",3,"Out of Stock","4.2","2023-03-27"
"RB-0465","53ed4c00 Cleaner","824.71",6,"4.81","Hybrid",2,"In Stock","3.9","2024-11-14"
"RB-0466","Dd0fe70f Cleaner","348.54",6,"3.28","Dry",3,"Out of Stock","4.4","2021-06-14"
"RB-0467","Fbebbe63 Cleaner","814.58",9,"4.85","Wet",1,"In Stock","3.5","2021-11-03"
"RB-0468","83b3d378 Cleaner","858.98",2,"3.68","Hybrid",2,"Pre-Order","4.1","2023-05-07"
"RB-0469","08893c29 Cleaner","971.16",6,"4.12","Dry",3,"In Stock","4.9","2022-12-23"
"RB-0470","Be0754f6 Cleaner","965.49",7,"3.36","Hybrid",1,"In Stock","3.6","2022-07-17"
"RB-0471","73fadd11 Cleaner","619.44",9,"3.99","Dry",1,"In Stock","4.5","2021-02-25"
"RB-0472","Fa0f643b Cleaner","423.67",9,"3.57","Wet",3,"Out of Stock","3.7","2023-03-10"
"RB-0473","2c8b9a00 Cleaner","535.60",7,"2.49","Dry",1,"In Stock","4.2","2020-04-08"
"RB-0474","26c79157 Cleaner","395.67",5,"3.59","Dry",3,"Pre-Order","3.6","2020-02-19"
"RB-0475","Abe2c376 Cleaner","256.60",9,"2.42","Hybrid",5,"In Stock","4.6","2024-12-19"
"RB-0476","7d907e43 Cleaner","565.55",8,"2.22","Hybrid",2,"Out of Stock","4.2","2020-02-07"
"RB-0477","C5e78db2 Cleaner","404.22",8,"3.77","Hybrid",4,"Pre-Order","4.3","2020-05-10"
"RB-0478","D6ddd197 Cleaner","834.58",6,"3.27","Dry",2,"Out of Stock","3.8","2023-06-06"
"RB-0479","3539dc73 Cleaner","902.22",3,"4.27","Dry",2,"Pre-Order","4.7","2024-05-17"
"RB-0480","B9233a06 Cleaner","929.89",3,"2.92","Hybrid",2,"Out of Stock","3.6","2025-01-12"
"RB-0481","611a3918 Cleaner","997.33",7,"2.17","Dry",5,"Out of Stock","3.3","2024-10-05"
"RB-0482","8fe4e0c6 Cleaner","994.57",5,"2.41","Dry",3,"Out of Stock","3.0","2023-12-06"
"RB-0483","096dd690 Cleaner","270.32",4,"3.42","Wet",3,"Out of Stock","3.2","2021-07-12"
"RB-0484","Faae61b7 Cleaner","379.73",9,"4.76","Hybrid",3,"Out of Stock","4.9","2023-02-08"
"RB-0485","22ba9a88 Cleaner","996.80",2,"2.84","Hybrid",1,"In Stock","3.6","2020-05-12"
"RB-0486","6769409a Cleaner","541.18",6,"2.64","Hybrid",4,"In Stock","3.0","2022-04-19"
"RB-0487","81eb764a Cleaner","603.12",7,"4.26","Wet",1,"Out of Stock","4.6","2023-10-09"
"RB-0488","Fbc69ef6 Cleaner","473.31",7,"4.56","Hybrid",4,"Pre-Order","3.0","2024-08-26"
"RB-0489","E8fb033c Cleaner","549.77",6,"3.33","Dry",2,"Out of Stock","4.1","2024-05-15"
"RB-0490","601ae525 Cleaner","237.90",7,"3.04","Wet",4,"Out of Stock","4.4","2020-06-02"
"RB-0491","689e9778 Cleaner","208.37",3,"4.67","Hybrid",2,"Pre-Order","4.7","2021-08-20"
"RB-0492","C2aa104b Cleaner","729.61",7,"2.94","Hybrid",3,"Pre-Order","4.5","2022-05-21"
"RB-0493","E399f4f6 Cleaner","636.64",7,"3.65","Wet",4,"Out of Stock","5.0","2020-07-10"
"RB-0494","892559dc Cleaner","964.46",3,"2.83","Wet",5,"In Stock","4.3","2023-11-21"
"RB-0495","59b70d81 Cleaner","865.70",5,"2.63","Hybrid",4,"In Stock","3.6","2021-03-26"
"RB-0496","61b07413 Cleaner","991.58",3,"3.97","Dry",5,"Out of Stock","3.9","2022-06-10"
"RB-0497","692acbc0 Cleaner","699.54",2,"2","Dry",2,"In Stock","3.4","2021-06-11"
"RB-0498","66b0d352 Cleaner","884.15",7,"3.04","Hybrid",5,"Pre-Order","3.9","2024-07-11"
"RB-0499","367b20b0 Cleaner","209.33",3,"2.77","Hybrid",2,"In Stock","3.4","2022-04-13"
"RB-0500","3db485ad Cleaner","833.41",1,"3.14","Wet",4,"Pre-Order","4.4","2023-06-06"
"RB-0501","61e2367c Cleaner","407.57",2,"3.09","Wet",3,"In Stock","3.1","2024-02-25"
"RB-0502","57d6e70d Cleaner","366.55",4,"2.83","Hybrid",2,"Pre-Order","4.6","2022-02-14"
"RB-0503","6c13cb1f Cleaner","888.53",7,"2.98","Hybrid",2,"Out of Stock","3.9","2024-02-25"
"RB-0504","B47ff164 Cleaner","948.70",9,"3.54","Dry",2,"In Stock","3.2","2020-03-10"
"RB-0505","78259d70 Cleaner","523.85",1,"4.26","Hybrid",3,"Out of Stock","3.1","2023-07-07"
"RB-0506","9a767981 Cleaner","212.32",3,"4.74","Hybrid",2,"Out of Stock","3.2","2020-03-28"
"RB-0507","C7ee9df7 Cleaner","622.75",3,"3.91","Hybrid",3,"Out of Stock","3.8","2020-09-18"
"RB-0508","C9cbe141 Cleaner","455.60",3,"2.99","Hybrid",5,"Out of Stock","4.5","2023-01-06"
"RB-0509","4eb6f42b Cleaner","493.21",5,"2.31","Dry",4,"Out of Stock","4.1","2020-02-21"
"RB-0510","9feb6822 Cleaner","360.87",4,"3.04","Dry",2,"Out of Stock","3.7","2024-04-22"
"RB-0511","D1151180 Cleaner","488.22",9,"3.3","Dry",3,"In Stock","3.3","2022-01-06"
"RB-0512","161d0411 Cleaner","571.00",7,"2.56","Dry",4,"In Stock","3.2","2022-01-16"
"RB-0513","39c268de Cleaner","521.81",2,"4.59","Hybrid",3,"Pre-Order","4.3","2024-04-03"
"RB-0514","1452639f Cleaner","304.21",6,"3.54","Dry",2,"In Stock","4.3","2024-05-31"
"RB-0515","Fdf4e4fe Cleaner","803.50",7,"4.45","Dry",2,"In Stock","4.3","2021-08-23"
"RB-0516","7134c535 Cleaner","420.35",7,"3.88","Dry",5,"Out of Stock","4.4","2023-11-14"
"RB-0517","Fbe4cb8d Cleaner","863.29",9,"2.13","Hybrid",2,"Out of Stock","3.1","2022-06-25"
"RB-0518","F1ebe517 Cleaner","409.74",5,"4.19","Hybrid",4,"In Stock","4.5","2021-04-10"
"RB-0519","Cbfba7c4 Cleaner","414.07",8,"4.63","Hybrid",2,"Out of Stock","4.8","2023-08-06"
"RB-0520","9cfd0104 Cleaner","566.93",8,"3.63","Dry",1,"Pre-Order","3.5","2021-06-08"
"RB-0521","545ae4cd Cleaner","255.25",1,"4.19","Dry",1,"Pre-Order","4.5","2023-07-31"
"RB-0522","16f1586c Cleaner","335.97",8,"3.7","Wet",4,"Pre-Order","3.5","2024-12-11"
"RB-0523","4590b4b5 Cleaner","827.88",6,"4","Wet",1,"In Stock","3.3","2020-05-23"
"RB-0524","78d085cb Cleaner","804.28",5,"3.01","Hybrid",1,"In Stock","4.8","2024-06-22"
"RB-0525","381acc18 Cleaner","328.74",7,"2.84","Hybrid",3,"Pre-Order","4.8","2022-08-03"
"RB-0526","2523793d Cleaner","576.37",6,"4.85","Hybrid",1,"Pre-Order","4.4","2022-11-07"
"RB-0527","E5b562f4 Cleaner","309.27",4,"3.56","Hybrid",1,"Out of Stock","4.4","2023-04-26"
"RB-0528","F06ce5e6 Cleaner","971.96",8,"4.75","Wet",3,"Pre-Order","4.5","2024-10-01"
"RB-0529","D7a24857 Cleaner","928.38",6,"2.27","Wet",4,"Pre-Order","4.3","2021-02-14"
"RB-0530","2cb20b02 Cleaner","451.34",8,"4.52","Dry",5,"In Stock","4.5","2022-04-02"
"RB-0531","216178df Cleaner","598.96",10,"4.74","Hybrid",5,"In Stock","4.8","2023-12-21"
"RB-0532","F058c065 Cleaner","424.90",6,"3.61","Wet",5,"In Stock","3.6","2024-11-24"
"RB-0533","C1916551 Cleaner","665.80",3,"2.53","Dry",1,"Pre-Order","4.4","2024-01-24"
"RB-0534","C7632f39 Cleaner","819.86",3,"2.55","Hybrid",5,"In Stock","4.4","2023-09-05"
"RB-0535","2fca62ff Cleaner","618.98",4,"2.58","Dry",1,"In Stock","4.3","2020-12-29"
"RB-0536","23fa1e21 Cleaner","733.29",8,"3.02","Hybrid",2,"Pre-Order","4.5","2022-12-29"
"RB-0537","A69a3ca2 Cleaner","237.38",5,"3.66","Wet",3,"Pre-Order","3.8","2022-11-13"
"RB-0538","Daeedef0 Cleaner","503.76",5,"3.74","Hybrid",1,"In Stock","4.5","2024-11-03"
"RB-0539","090d45d0 Cleaner","584.47",8,"4.14","Wet",4,"Pre-Order","3.9","2022-06-04"
"RB-0540","Cdcc93bd Cleaner","281.75",3,"3.84","Hybrid",2,"Pre-Order","3.8","2021-09-16"
"RB-0541","48b23052 Cleaner","525.44",9,"2.58","Dry",5,"In Stock","4.7","2024-02-16"
"RB-0542","99e7214e Cleaner","858.80",6,"3.24","Hybrid",3,"Out of Stock","3.9","2022-07-29"
"RB-0543","1f5f1138 Cleaner","348.61",2,"2.09","Hybrid",2,"Out of Stock","4.4","2024-01-20"
"RB-0544","25071891 Cleaner","210.14",7,"4.25","Dry",4,"Out of Stock","4.6","2021-06-24"
"RB-0545","C1318dd3 Cleaner","232.95",5,"2.86","Hybrid",3,"Pre-Order","3.1","2024-01-11"
"RB-0546","5c12c52f Cleaner","867.00",1,"2.71","Dry",5,"Out of Stock","3.1","2024-07-18"
"RB-0547","20c88125 Cleaner","585.45",4,"2.01","Wet",3,"Out of Stock","3.3","2022-02-17"
"RB-0548","8823e805 Cleaner","470.10",6,"2.37","Wet",3,"In Stock","4.6","2020-12-04"
"RB-0549","227a34ad Cleaner","286.25",7,"2.29","Hybrid",2,"Out of Stock","4.7","2022-07-23"
"RB-0550","Cd846e08 Cleaner","583.31",4,"4.77","Hybrid",2,"Pre-Order","4.1","2024-02-01"
"RB-0551","6ca30cb5 Cleaner","357.69",5,"3.44","Hybrid",2,"In Stock","3.7","2020-03-02"
"RB-0552","6fff4b6e Cleaner","423.09",4,"2.05","Hybrid",4,"Out of Stock","4.8","2024-08-31"
"RB-0553","704920a4 Cleaner","409.77",4,"2.16","Wet",1,"Pre-Order","3.6","2021-08-18"
"RB-0554","73e6a392 Cleaner","516.13",8,"4.56","Wet",2,"In Stock","4.9","2020-10-29"
"RB-0555","1791756a Cleaner","298.45",3,"3.16","Hybrid",3,"Out of Stock","4.1","2020-02-07"
"RB-0556","9865560b Cleaner","244.91",4,"3.37","Dry",4,"Out of Stock","4.7","2023-06-22"
"RB-0557","5dbe52b5 Cleaner","459.17",7,"2.41","Hybrid",2,"In Stock","3.6","2022-06-15"
"RB-0558","Eb98ed3f Cleaner","501.09",8,"4.28","Dry",4,"Pre-Order","4.4","2021-03-09"
"RB-0559","53f58a44 Cleaner","232.46",5,"3.64","Hybrid",1,"In Stock","3.3","2023-03-23"
"RB-0560","Bf9a72b1 Cleaner","705.79",6,"4.57","Dry",4,"Pre-Order","4.8","2022-03-02"
"RB-0561","D9409658 Cleaner","570.64",1,"4.66","Hybrid",3,"In Stock","4.3","2021-04-05"
"RB-0562","05f01930 Cleaner","569.86",2,"2.43","Hybrid",2,"In Stock","4.4","2021-03-10"
"RB-0563","4a5c00d2 Cleaner","679.22",4,"2.8","Dry",5,"In Stock","4.2","2021-05-21"
"RB-0564","Bed41172 Cleaner","837.00",6,"2.53","Wet",2,"Out of Stock","3.9","2020-04-13"
"RB-0565","E7d65742 Cleaner","400.66",5,"4.04","Hybrid",4,"Out of Stock","3.6","2020-02-22"
"RB-0566","B8f7d7cf Cleaner","377.10",6,"3.53","Wet",2,"In Stock","4.6","2020-03-06"
"RB-0567","53b308e0 Cleaner","245.68",6,"4.07","Hybrid",3,"Pre-Order","4.5","2021-06-17"
"RB-0568","6f14580c Cleaner","425.28",2,"4.87","Wet",3,"In Stock","3.3","2022-07-12"
"RB-0569","Eec842b2 Cleaner","664.38",7,"4.97","Wet",4,"In Stock","3.0","2024-01-05"
"RB-0570","Db902276 Cleaner","862.42",6,"4.68","Dry",3,"Out of Stock","4.8","2024-05-10"
"RB-0571","8c8bf58a Cleaner","271.86",7,"2.42","Wet",3,"Pre-Order","3.4","2021-10-22"
"RB-0572","6234efe7 Cleaner","642.09",2,"4.58","Hybrid",2,"Pre-Order","3.8","2023-02-27"
"RB-0573","F4cf13a4 Cleaner","235.78",4,"2.2","Wet",3,"Pre-Order","3.0","2022-10-21"
"RB-0574","469f145c Cleaner","892.88",3,"3.38","Hybrid",3,"Pre-Order","4.5","2022-08-07"
"RB-0575","563c1499 Cleaner","623.92",4,"3.24","Dry",2,"Out of Stock","4.0","2020-07-13"
"RB-0576","Dc0eb595 Cleaner","849.56",9,"3.52","Dry",3,"In Stock","4.8","2021-06-20"
"RB-0577","Aa71ae77 Cleaner","648.84",5,"3.59","Wet",4,"In Stock","3.4","2024-06-20"
"RB-0578","6ec8960b Cleaner","422.65",8,"2.34","Hybrid",2,"Pre-Order","4.6","2022-12-05"
"RB-0579","E00bb255 Cleaner","967.66",3,"2.82","Wet",1,"In Stock","3.4","2022-07-20"
"RB-0580","10e70c00 Cleaner","396.35",1,"3.43","Wet",3,"Pre-Order","4.8","2022-12-22"
"RB-0581","B35efb38 Cleaner","465.69",8,"3.78","Dry",3,"Pre-Order","3.8","2023-08-21"
"RB-0582","52f4eaf2 Cleaner","565.33",5,"4.85","Dry",1,"Pre-Order","3.4","2021-06-03"
"RB-0583","4da022b3 Cleaner","639.98",9,"4.41","Hybrid",3,"Out of Stock","4.9","2024-01-06"
"RB-0584","68df2c81 Cleaner","587.21",2,"2.26","Dry",3,"In Stock","3.2","2020-12-19"
"RB-0585","67be77fe Cleaner","375.75",9,"2.89","Dry",2,"Pre-Order","4.1","2023-03-06"
"RB-0586","7d9524b2 Cleaner","674.23",2,"2.72","Wet",1,"Pre-Order","4.8","2021-06-23"
"RB-0587","878ec706 Cleaner","744.50",3,"3.63","Dry",4,"Out of Stock","3.4","2022-10-26"
"RB-0588","E82f22af Cleaner","846.18",3,"2.83","Hybrid",4,"Out of Stock","4.6","2024-10-15"
"RB-0589","F570cda1 Cleaner","844.85",6,"4.4","Hybrid",1,"Pre-Order","3.1","2024-05-28"
"RB-0590","A77794c1 Cleaner","333.89",7,"4.98","Hybrid",5,"Pre-Order","3.9","2024-02-07"
"RB-0591","Eebdc47d Cleaner","278.52",8,"4.59","Hybrid",2,"Out of Stock","4.6","2022-07-04"
"RB-0592","B780cd3d Cleaner","359.41",1,"3.46","Hybrid",2,"In Stock","4.7","2020-10-04"
"RB-0593","8c4f713b Cleaner","746.05",3,"4.33","Wet",1,"Out of Stock","3.8","2021-02-23"
"RB-0594","B20d58dd Cleaner","706.84",3,"2.58","Dry",3,"Out of Stock","3.0","2023-01-06"
"RB-0595","2d8193b8 Cleaner","877.73",4,"3.6","Hybrid",3,"Out of Stock","4.4","2021-03-27"
"RB-0596","336fdd36 Cleaner","820.59",8,"3.73","Dry",4,"Pre-Order","3.9","2020-12-30"
"RB-0597","4ac2e909 Cleaner","366.18",4,"3.7","Dry",2,"In Stock","3.1","2021-07-31"
"RB-0598","64004eab Cleaner","301.68",4,"4.98","Dry",4,"In Stock","4.9","2022-12-13"
"RB-0599","33f1cb97 Cleaner","654.40",5,"3.35","Wet",5,"In Stock","3.0","2023-11-07"
"RB-0600","9414c42e Cleaner","646.44",2,"3.4","Hybrid",4,"In Stock","3.9","2020-02-26"
"RB-0601","3c549c20 Cleaner","995.56",8,"3.13","Dry",3,"Pre-Order","4.3","2021-04-24"
"RB-0602","2a1e769e Cleaner","443.45",4,"2.08","Wet",5,"Out of Stock","3.9","2024-02-17"
"RB-0603","00058d97 Cleaner","866.06",7,"4.59","Wet",1,"Out of Stock","3.9","2023-09-27"
"RB-0604","Ccc98a72 Cleaner","860.17",8,"2.99","Dry",3,"Pre-Order","4.6","2024-04-11"
"RB-0605","6b21d357 Cleaner","586.23",2,"2.15","Wet",5,"In Stock","4.5","2020-11-16"
"RB-0606","2b3c2bb9 Cleaner","212.58",8,"3.64","Dry",3,"In Stock","3.5","2022-11-23"
"RB-0607","65b172f2 Cleaner","397.57",8,"2.08","Hybrid",4,"In Stock","4.7","2022-12-13"
"RB-0608","4a8ba3a3 Cleaner","653.03",1,"3.62","Dry",1,"Pre-Order","3.4","2023-09-10"
"RB-0609","99053da7 Cleaner","387.29",6,"4.65","Wet",1,"Pre-Order","3.6","2020-05-29"
"RB-0610","94a14edb Cleaner","957.73",9,"4.85","Hybrid",3,"In Stock","3.1","2020-08-05"
"RB-0611","822fb6f8 Cleaner","400.30",8,"2.48","Hybrid",2,"Out of Stock","3.5","2024-09-19"
"RB-0612","Bf37f356 Cleaner","761.00",9,"3.7","Wet",2,"Pre-Order","4.1","2023-06-05"
"RB-0613","B329976a Cleaner","431.50",3,"4.68","Dry",2,"Out of Stock","3.6","2020-08-21"
"RB-0614","Cb04be61 Cleaner","963.16",2,"3.85","Wet",1,"Pre-Order","3.4","2022-05-24"
"RB-0615","30ff34db Cleaner","508.48",8,"2.21","Dry",3,"Out of Stock","4.0","2021-08-03"
"RB-0616","F2fd6d80 Cleaner","249.77",7,"3.34","Dry",2,"Pre-Order","3.0","2020-11-08"
"RB-0617","7e51273c Cleaner","928.14",7,"3.18","Hybrid",3,"Pre-Order","4.1","2023-07-17"
"RB-0618","Eefb425d Cleaner","918.98",7,"4.26","Hybrid",3,"Pre-Order","3.8","2023-01-30"
"RB-0619","D780b223 Cleaner","462.36",10,"4.89","Hybrid",2,"Out of Stock","4.3","2020-07-12"
"RB-0620","C6d27f7e Cleaner","293.60",5,"2.93","Dry",4,"Out of Stock","4.5","2022-01-23"
"RB-0621","F2c9a1ff Cleaner","605.24",2,"3.35","Hybrid",4,"Pre-Order","3.0","2022-06-24"
"RB-0622","Ace89c33 Cleaner","208.02",4,"3.82","Dry",3,"In Stock","3.8","2023-03-08"
"RB-0623","8b2abe60 Cleaner","348.22",5,"2.15","Wet",5,"In Stock","3.0","2020-03-27"
"RB-0624","375ca26f Cleaner","546.60",5,"4.79","Wet",1,"Out of Stock","3.5","2024-11-22"
"RB-0625","C76c7cd6 Cleaner","709.86",1,"4.28","Hybrid",5,"Out of Stock","4.7","2020-06-18"
"RB-0626","0647ae36 Cleaner","933.27",1,"4.08","Wet",4,"Pre-Order","5.0","2023-03-27"
"RB-0627","C4525d05 Cleaner","258.55",3,"2.6","Wet",3,"Out of Stock","3.7","2022-02-16"
"RB-0628","Bd3227e1 Cleaner","682.00",5,"2.05","Wet",4,"Pre-Order","5.0","2021-02-16"
"RB-0629","B07f5bfa Cleaner","542.76",3,"2.07","Hybrid",2,"In Stock","4.7","2024-06-26"
"RB-0630","56f26a8a Cleaner","221.28",9,"4.23","Hybrid",5,"Pre-Order","5.0","2020-04-25"
"RB-0631","98595871 Cleaner","690.89",4,"4.91","Wet",1,"Pre-Order","3.4","2021-04-22"
"RB-0632","9cf18c6c Cleaner","282.61",8,"4.89","Wet",4,"Out of Stock","4.0","2020-05-23"
"RB-0633","A7dfbc0e Cleaner","433.36",9,"3.53","Wet",4,"Pre-Order","5.0","2022-07-20"
"RB-0634","E671386e Cleaner","454.45",2,"4.99","Hybrid",2,"Out of Stock","3.9","2024-06-19"
"RB-0635","36b10357 Cleaner","248.90",2,"4.98","Hybrid",5,"Out of Stock","5.0","2020-08-03"
"RB-0636","8ab05b1d Cleaner","844.77",10,"2.85","Dry",2,"Out of Stock","4.1","2024-10-28"
"RB-0637","E14a6457 Cleaner","382.51",4,"2.81","Hybrid",5,"Out of Stock","3.6","2022-07-28"
"RB-0638","0ae0cd7d Cleaner","746.26",4,"2.92","Dry",1,"Out of Stock","3.7","2023-06-13"
"RB-0639","C221a2a0 Cleaner","202.82",6,"4.42","Hybrid",4,"Pre-Order","3.7","2022-12-11"
"RB-0640","Fedcb3cd Cleaner","249.50",9,"4.84","Hybrid",4,"In Stock","4.5","2022-02-25"
"RB-0641","4513450f Cleaner","627.08",4,"2.51","Dry",5,"In Stock","3.7","2020-11-15"
"RB-0642","29f91358 Cleaner","547.03",7,"3.42","Dry",3,"In Stock","3.1","2021-10-21"
"RB-0643","0332c37f Cleaner","726.39",1,"3.45","Wet",5,"In Stock","4.3","2020-07-15"
"RB-0644","41859b00 Cleaner","587.09",2,"3.09","Wet",3,"Pre-Order","3.1","2024-11-08"
"RB-0645","61bf245f Cleaner","812.87",9,"3.43","Dry",1,"Out of Stock","4.8","2023-02-19"
"RB-0646","B2fa6cae Cleaner","301.56",4,"2.47","Hybrid",3,"Pre-Order","4.4","2021-12-07"
"RB-0647","6035f6ae Cleaner","710.38",7,"4.28","Dry",4,"Pre-Order","4.0","2020-02-08"
"RB-0648","Ba50bf30 Cleaner","862.11",9,"2.14","Hybrid",3,"Out of Stock","4.3","2023-01-08"
"RB-0649","D783d095 Cleaner","890.01",4,"4.29","Wet",2,"In Stock","4.4","2021-11-20"
"RB-0650","2ce9fdcf Cleaner","839.87",4,"4.83","Dry",4,"Pre-Order","3.3","2021-01-17"
"RB-0651","F114ba38 Cleaner","663.93",6,"3.07","Hybrid",2,"Out of Stock","4.2","2025-01-29"
"RB-0652","Fb0e16e9 Cleaner","875.87",1,"4.04","Hybrid",3,"In Stock","3.2","2020-02-01"
"RB-0653","C8700765 Cleaner","889.97",3,"4.64","Wet",3,"Out of Stock","4.9","2024-11-22"
"RB-0654","Dc12e187 Cleaner","893.41",7,"3.64","Hybrid",4,"In Stock","3.1","2023-01-13"
"RB-0655","0b7e018e Cleaner","861.51",3,"3.8","Hybrid",2,"Out of Stock","3.9","2020-03-07"
"RB-0656","D1855093 Cleaner","949.15",9,"4.39","Dry",4,"In Stock","3.3","2022-03-16"
"RB-0657","C822a4bd Cleaner","739.10",10,"3.81","Dry",3,"Out of Stock","3.6","2024-03-29"
"RB-0658","4a789a12 Cleaner","657.38",5,"3.59","Hybrid",3,"Out of Stock","4.4","2022-05-27"
"RB-0659","98fd6857 Cleaner","346.17",6,"2.33","Dry",2,"In Stock","4.3","2020-06-04"
"RB-0660","F01e66fd Cleaner","965.91",9,"4.12","Wet",4,"In Stock","4.7","2022-03-26"
"RB-0661","Aad2871a Cleaner","498.90",8,"2.83","Wet",2,"Out of Stock","4.8","2023-11-02"
"RB-0662","79053186 Cleaner","967.41",9,"2.9","Wet",2,"In Stock","4.2","2021-12-16"
"RB-0663","749eaee1 Cleaner","308.76",1,"2.68","Hybrid",4,"Pre-Order","4.5","2020-05-30"
"RB-0664","6687217b Cleaner","499.87",9,"2.82","Wet",3,"Out of Stock","4.3","2022-06-18"
"RB-0665","C515e6c9 Cleaner","486.21",4,"2.93","Dry",3,"In Stock","3.5","2023-07-19"
"RB-0666","643603e7 Cleaner","768.68",2,"4.97","Hybrid",3,"Out of Stock","4.7","2024-02-19"
"RB-0667","Ce008084 Cleaner","779.37",9,"4.81","Wet",4,"Pre-Order","5.0","2024-09-07"
"RB-0668","2ccb195f Cleaner","779.15",4,"2.11","Wet",3,"Out of Stock","4.4","2024-07-24"
"RB-0669","71ed05f4 Cleaner","523.01",5,"2.05","Dry",3,"Pre-Order","3.9","2020-10-31"
"RB-0670","6ac36a57 Cleaner","304.68",10,"4.48","Hybrid",2,"Pre-Order","4.0","2024-08-17"
"RB-0671","Be81ea5d Cleaner","665.44",5,"2.46","Hybrid",4,"Out of Stock","3.5","2022-04-06"
"RB-0672","0d32f6ca Cleaner","297.22",6,"4.32","Hybrid",2,"Pre-Order","3.7","2024-03-03"
"RB-0673","5b9adf98 Cleaner","275.09",2,"2.31","Wet",3,"Pre-Order","3.6","2020-02-08"
"RB-0674","723813b1 Cleaner","267.56",3,"3.72","Dry",5,"Pre-Order","4.2","2021-12-25"
"RB-0675","Deac336b Cleaner","936.91",8,"3.83","Wet",2,"Out of Stock","4.6","2024-10-26"
"RB-0676","0d255538 Cleaner","244.53",9,"4.83","Dry",2,"Pre-Order","5.0","2020-12-03"
"RB-0677","4a34eac5 Cleaner","915.62",5,"2.29","Hybrid",3,"Pre-Order","5.0","2020-10-17"
"RB-0678","F0d36c12 Cleaner","498.16",2,"3.13","Hybrid",3,"Out of Stock","4.5","2025-01-06"
"RB-0679","D6142eaa Cleaner","627.18",10,"4.5","Dry",2,"Pre-Order","4.2","2023-03-01"
"RB-0680","B0df2e34 Cleaner","432.52",8,"3.64","Wet",2,"Pre-Order","3.5","2021-02-27"
"RB-0681","4551f67a Cleaner","632.31",9,"2.51","Hybrid",4,"Pre-Order","3.0","2021-06-10"
"RB-0682","33790a5a Cleaner","370.39",6,"4.45","Dry",2,"Pre-Order","4.2","2024-02-03"
"RB-0683","305f3826 Cleaner","783.47",6,"2.19","Hybrid",2,"Out of Stock","4.9","2021-07-15"
"RB-0684","4073ed6e Cleaner","319.73",8,"4.65","Wet",2,"Out of Stock","5.0","2022-07-24"
"RB-0685","651d9f98 Cleaner","426.22",5,"4.02","Hybrid",3,"Pre-Order","4.1","2021-10-27"
"RB-0686","3358ee91 Cleaner","362.91",5,"3.82","Dry",3,"Out of Stock","4.4","2020-07-09"
"RB-0687","C0afa5bb Cleaner","690.12",2,"3.89","Hybrid",1,"Pre-Order","3.5","2024-09-02"
"RB-0688","C909f496 Cleaner","265.95",6,"4.9","Wet",4,"Out of Stock","3.1","2022-06-21"
"RB-0689","Cf4d1629 Cleaner","405.57",7,"3.16","Wet",2,"Out of Stock","4.2","2021-08-16"
"RB-0690","C2732bf1 Cleaner","803.84",4,"3.53","Dry",3,"Pre-Order","3.2","2023-11-17"
"RB-0691","Ef717a00 Cleaner","278.95",7,"4.42","Dry",3,"In Stock","4.8","2024-07-02"
"RB-0692","5dcd165d Cleaner","285.38",3,"4.35","Wet",4,"In Stock","3.9","2024-10-29"
"RB-0693","0be30ca2 Cleaner","851.70",4,"4.49","Hybrid",2,"Pre-Order","4.2","2022-12-19"
"RB-0694","1c340d79 Cleaner","620.56",7,"3.19","Wet",1,"Out of Stock","4.7","2021-05-16"
"RB-0695","19eec76d Cleaner","994.89",8,"4.96","Hybrid",5,"Pre-Order","3.6","2024-05-13"
"RB-0696","E89b8826 Cleaner","232.03",5,"2.1","Hybrid",3,"Out of Stock","4.3","2020-07-27"
"RB-0697","7861a37d Cleaner","973.63",6,"2.54","Wet",4,"Out of Stock","3.5","2024-05-14"
"RB-0698","Bdc0a78a Cleaner","859.93",1,"3.73","Dry",2,"Pre-Order","3.6","2021-03-16"
"RB-0699","75853dd7 Cleaner","919.39",1,"4.49","Dry",2,"In Stock","4.9","2020-06-22"
"RB-0700","F72e0972 Cleaner","824.31",7,"2.65","Hybrid",2,"Pre-Order","3.8","2022-05-23"
"RB-0701","0f3d04f4 Cleaner","684.98",6,"2.77","Hybrid",2,"Pre-Order","3.3","2022-12-20"
"RB-0702","Bd81f00c Cleaner","351.05",6,"2.09","Dry",5,"Pre-Order","3.8","2025-01-23"
"RB-0703","1ff1b588 Cleaner","756.83",7,"2.84","Dry",4,"Out of Stock","4.1","2020-02-15"
"RB-0704","07845587 Cleaner","379.44",6,"4.14","Hybrid",4,"Out of Stock","4.2","2023-04-12"
"RB-0705","F1aa6008 Cleaner","202.55",8,"2.57","Dry",4,"Pre-Order","3.7","2020-10-22"
"RB-0706","21618841 Cleaner","344.74",8,"3.6","Hybrid",3,"Out of Stock","3.9","2022-02-10"
"RB-0707","4973b9ef Cleaner","367.43",9,"2.27","Dry",2,"In Stock","4.1","2020-10-05"
"RB-0708","3ddb2503 Cleaner","370.67",2,"3","Hybrid",4,"In Stock","4.9","2023-07-22"
"RB-0709","C9d638f2 Cleaner","964.49",9,"3.55","Hybrid",2,"Out of Stock","5.0","2022-01-20"
"RB-0710","D86a330d Cleaner","611.40",5,"3.16","Dry",3,"In Stock","4.2","2021-07-28"
"RB-0711","03820f44 Cleaner","281.42",9,"2.75","Wet",4,"Out of Stock","4.9","2023-10-04"
"RB-0712","A6efdb7a Cleaner","551.97",8,"3.39","Hybrid",3,"Out of Stock","4.9","2020-04-28"
"RB-0713","C75dc694 Cleaner","448.20",2,"2","Wet",4,"Pre-Order","5.0","2020-08-25"
"RB-0714","7c38c217 Cleaner","533.70",4,"3.69","Dry",2,"In Stock","4.5","2021-06-21"
"RB-0715","A2c09078 Cleaner","542.54",8,"3.83","Dry",4,"Out of Stock","4.3","2024-05-25"
"RB-0716","E752416f Cleaner","532.94",2,"3.65","Wet",3,"In Stock","3.5","2024-04-07"
"RB-0717","3b445ddb Cleaner","830.12",3,"3.75","Hybrid",5,"In Stock","4.1","2024-08-23"
"RB-0718","276a7b0b Cleaner","497.88",7,"3.54","Wet",5,"In Stock","3.9","2021-06-19"
"RB-0719","597204ee Cleaner","625.32",10,"3.01","Hybrid",5,"Out of Stock","3.1","2020-11-08"
"RB-0720","7d7d9459 Cleaner","898.74",6,"3.73","Wet",4,"Pre-Order","4.3","2022-03-23"
"RB-0721","01473696 Cleaner","809.46",8,"2.31","Dry",5,"In Stock","4.8","2024-08-26"
"RB-0722","F6fc697e Cleaner","458.79",3,"4.65","Hybrid",4,"Pre-Order","3.1","2021-09-14"
"RB-0723","C498b82f Cleaner","875.94",9,"3.23","Dry",4,"Pre-Order","3.6","2022-12-18"
"RB-0724","Ed86563c Cleaner","576.01",5,"3.6","Wet",1,"Out of Stock","4.7","2021-05-20"
"RB-0725","07b386c5 Cleaner","803.48",9,"2.22","Wet",4,"Out of Stock","4.5","2020-08-13"
"RB-0726","03c405cc Cleaner","434.81",2,"3.25","Wet",1,"In Stock","4.4","2020-10-28"
"RB-0727","3f872d2c Cleaner","501.36",8,"3.26","Hybrid",2,"Out of Stock","3.4","2025-01-04"
"RB-0728","B59649f7 Cleaner","503.89",10,"2.96","Wet",2,"In Stock","3.5","2024-08-26"
"RB-0729","485dd21b Cleaner","581.10",9,"4.31","Wet",4,"In Stock","3.0","2024-12-07"
"RB-0730","40a6f366 Cleaner","720.79",8,"2.72","Hybrid",5,"Out of Stock","4.7","2021-05-05"
"RB-0731","F49c1568 Cleaner","908.39",8,"4.53","Wet",2,"Pre-Order","3.5","2023-10-15"
"RB-0732","38e71fc4 Cleaner","248.97",8,"3.07","Wet",2,"In Stock","4.1","2023-12-20"
"RB-0733","91174e44 Cleaner","830.18",8,"3.72","Hybrid",5,"Out of Stock","3.3","2022-10-03"
"RB-0734","64043bf4 Cleaner","528.22",2,"4.09","Dry",2,"Pre-Order","3.6","2020-06-05"
"RB-0735","A8414268 Cleaner","965.58",9,"3.72","Wet",2,"Out of Stock","3.9","2022-06-20"
"RB-0736","29b4083d Cleaner","292.93",2,"3.45","Hybrid",1,"Out of Stock","3.9","2024-08-23"
"RB-0737","9c6cca23 Cleaner","951.47",5,"4.04","Hybrid",4,"Out of Stock","4.4","2023-10-15"
"RB-0738","8d00fe74 Cleaner","982.25",7,"3.7","Dry",1,"Out of Stock","3.5","2023-08-10"
"RB-0739","24f92780 Cleaner","681.97",7,"3.86","Dry",3,"Out of Stock","4.0","2023-02-19"
"RB-0740","9499156b Cleaner","703.86",9,"4.15","Dry",5,"Pre-Order","3.9","2023-10-09"
"RB-0741","51d5892a Cleaner","759.69",7,"4.52","Dry",1,"In Stock","4.7","2024-10-02"
"RB-0742","36b36775 Cleaner","993.45",8,"4.73","Hybrid",5,"Pre-Order","3.4","2021-07-27"
"RB-0743","C398125f Cleaner","383.61",6,"3.42","Wet",4,"Out of Stock","3.3","2022-03-22"
"RB-0744","2ff0cfdb Cleaner","266.64",8,"3.22","Wet",3,"Out of Stock","4.2","2020-11-26"
"RB-0745","60997fb6 Cleaner","776.92",4,"2.27","Dry",1,"Pre-Order","3.4","2023-01-16"
"RB-0746","10bb626b Cleaner","236.87",6,"2.78","Wet",4,"Pre-Order","3.1","2021-08-07"
"RB-0747","9367fae8 Cleaner","611.45",8,"2.11","Wet",2,"Out of Stock","3.7","2023-08-01"
"RB-0748","B7fbb44c Cleaner","243.55",6,"4.14","Dry",4,"Out of Stock","3.2","2021-07-08"
"RB-0749","1f868d46 Cleaner","469.91",1,"3.63","Wet",2,"Pre-Order","4.3","2020-06-23"
"RB-0750","Cd13fc20 Cleaner","745.29",4,"2.64","Wet",1,"Out of Stock","3.6","2022-06-25"
"RB-0751","5d8475aa Cleaner","929.39",2,"2.44","Wet",2,"Pre-Order","3.1","2022-01-25"
"RB-0752","Ec8163b8 Cleaner","339.72",1,"2.18","Wet",3,"In Stock","3.1","2020-11-23"
"RB-0753","984058e4 Cleaner","432.54",6,"2.37","Wet",4,"Pre-Order","5.0","2020-08-01"
"RB-0754","Fe04a703 Cleaner","755.78",9,"3.39","Wet",3,"In Stock","3.4","2020-08-12"
"RB-0755","84f02322 Cleaner","855.78",8,"2.69","Wet",2,"In Stock","4.6","2021-10-15"
"RB-0756","Fc28c1c3 Cleaner","503.96",3,"2.73","Dry",3,"Pre-Order","4.9","2022-01-13"
"RB-0757","45eaf49a Cleaner","664.29",9,"4.67","Wet",3,"In Stock","3.6","2021-10-09"
"RB-0758","4c607a49 Cleaner","736.13",3,"2.71","Hybrid",4,"Pre-Order","4.5","2021-08-31"
"RB-0759","C3658086 Cleaner","865.26",8,"2.91","Hybrid",3,"In Stock","4.1","2023-08-14"
"RB-0760","0d284d03 Cleaner","602.18",3,"4.63","Wet",4,"In Stock","3.3","2021-05-20"
"RB-0761","1a0cffc6 Cleaner","487.84",2,"3.39","Hybrid",3,"Pre-Order","3.9","2023-09-13"
"RB-0762","B7d7d8fd Cleaner","714.08",2,"4.39","Wet",3,"Out of Stock","4.3","2023-07-16"
"RB-0763","4aa0ad7a Cleaner","309.39",2,"3.28","Wet",4,"Out of Stock","4.1","2024-11-26"
"RB-0764","55759322 Cleaner","529.96",3,"2.84","Wet",4,"Out of Stock","3.2","2022-08-29"
"RB-0765","82912bb6 Cleaner","277.75",4,"3.58","Hybrid",3,"Pre-Order","4.1","2020-05-08"
"RB-0766","33ed015e Cleaner","970.24",7,"3.24","Dry",3,"In Stock","3.9","2021-04-03"
"RB-0767","A7d93566 Cleaner","406.23",4,"4.89","Dry",3,"Pre-Order","4.9","2022-07-28"
"RB-0768","Cd25c795 Cleaner","460.28",3,"2.79","Dry",3,"In Stock","3.4","2024-12-06"
"RB-0769","B306d414 Cleaner","640.00",4,"2.05","Dry",4,"Pre-Order","3.2","2022-08-26"
"RB-0770","8ce87873 Cleaner","209.52",2,"3.87","Hybrid",5,"In Stock","3.9","2021-09-01"
"RB-0771","4a906b2c Cleaner","276.00",3,"2.93","Dry",5,"Pre-Order","4.6","2023-10-09"
"RB-0772","Dd5f9237 Cleaner","547.10",5,"3.08","Hybrid",4,"In Stock","5.0","2022-03-24"
"RB-0773","D4ce722b Cleaner","284.67",5,"2.2","Wet",2,"Out of Stock","3.6","2020-12-25"
"RB-0774","2df208d0 Cleaner","574.45",8,"2.49","Wet",4,"Pre-Order","4.6","2023-09-30"
"RB-0775","744e6fde Cleaner","993.55",9,"4.5","Dry",3,"Out of Stock","4.0","2023-07-02"
"RB-0776","20a419a2 Cleaner","509.59",9,"3.54","Dry",3,"Pre-Order","3.8","2023-11-27"
"RB-0777","4c9693b1 Cleaner","373.02",6,"2.94","Dry",1,"Pre-Order","4.1","2022-03-22"
"RB-0778","2ebee662 Cleaner","593.41",3,"3.71","Dry",2,"In Stock","4.6","2024-07-13"
"RB-0779","8081fffb Cleaner","743.37",7,"2.61","Dry",4,"Out of Stock","3.2","2023-11-13"
"RB-0780","C44b7dfb Cleaner","347.65",8,"2.64","Wet",5,"Pre-Order","4.4","2024-08-11"
"RB-0781","Daec189f Cleaner","624.34",5,"4.49","Hybrid",1,"Pre-Order","4.8","2021-02-15"
"RB-0782","6163fff7 Cleaner","784.43",7,"4.88","Dry",4,"Pre-Order","4.6","2021-05-11"
"RB-0783","1d363509 Cleaner","298.78",4,"3.44","Hybrid",2,"In Stock","4.2","2021-03-09"
"RB-0784","612415cc Cleaner","829.11",3,"4.92","Hybrid",4,"In Stock","3.7","2023-07-02"
"RB-0785","394574b3 Cleaner","245.47",8,"2.82","Dry",4,"Out of Stock","3.0","2022-03-29"
"RB-0786","3abe89d8 Cleaner","503.44",5,"2.55","Hybrid",3,"In Stock","3.7","2022-03-18"
"RB-0787","36e97208 Cleaner","897.94",10,"3.51","Wet",3,"Pre-Order","5.0","2021-10-25"
"RB-0788","4a9c033f Cleaner","644.91",9,"3.92","Hybrid",4,"Out of Stock","4.6","2020-04-26"
"RB-0789","8a61b4a9 Cleaner","635.24",6,"2.34","Wet",2,"In Stock","3.2","2020-10-19"
"RB-0790","A5d98b58 Cleaner","820.81",7,"2.94","Hybrid",2,"Pre-Order","3.1","2024-07-09"
"RB-0791","F91a20c7 Cleaner","491.44",2,"2.71","Dry",2,"Out of Stock","4.8","2020-07-01"
"RB-0792","A138aa05 Cleaner","879.73",2,"4.56","Wet",4,"Out of Stock","3.4","2022-09-29"
"RB-0793","00eedf27 Cleaner","213.66",5,"2.71","Dry",3,"Out of Stock","4.6","2021-08-07"
"RB-0794","3ad79412 Cleaner","941.51",7,"4.52","Dry",2,"Pre-Order","4.0","2022-02-23"
"RB-0795","0fbf57c0 Cleaner","679.89",3,"4.63","Dry",1,"In Stock","4.7","2024-08-26"
"RB-0796","2c053d9a Cleaner","258.83",4,"4.96","Hybrid",3,"Pre-Order","4.5","2022-12-23"
"RB-0797","A9d475f1 Cleaner","815.18",9,"3.63","Hybrid",3,"Pre-Order","4.3","2023-03-05"
"RB-0798","9ebcf9dd Cleaner","876.56",7,"4.01","Wet",2,"Out of Stock","4.7","2022-11-09"
"RB-0799","6c65946e Cleaner","987.37",6,"2.14","Wet",3,"Out of Stock","4.2","2021-01-28"
"RB-0800","1989c969 Cleaner","445.00",3,"3.93","Dry",1,"Pre-Order","3.4","2023-07-26"
"RB-0801","B8d0c56b Cleaner","298.80",9,"4.41","Hybrid",4,"In Stock","3.7","2023-02-18"
"RB-0802","Fda6365c Cleaner","548.48",6,"2.9","Dry",2,"In Stock","4.4","2021-12-09"
"RB-0803","0e24e98f Cleaner","712.77",1,"4.81","Hybrid",2,"Pre-Order","4.7","2023-08-05"
"RB-0804","Ace66798 Cleaner","200.75",3,"3.46","Wet",1,"Out of Stock","4.1","2024-03-02"
"RB-0805","2b1d1395 Cleaner","741.32",3,"3.45","Hybrid",2,"In Stock","4.1","2022-02-21"
"RB-0806","35de615e Cleaner","697.13",9,"2.38","Wet",4,"Out of Stock","3.4","2023-06-10"
"RB-0807","54c6d4b1 Cleaner","698.97",9,"2.59","Hybrid",3,"Pre-Order","3.9","2022-05-19"
"RB-0808","Bd9359cb Cleaner","674.69",3,"3.41","Hybrid",4,"Pre-Order","4.7","2020-06-26"
"RB-0809","475dd181 Cleaner","668.82",9,"3.78","Hybrid",2,"In Stock","4.6","2020-12-10"
"RB-0810","2e5fd323 Cleaner","445.57",9,"2.64","Hybrid",4,"Pre-Order","3.6","2024-12-23"
"RB-0811","F7d8680f Cleaner","360.51",6,"3.73","Wet",5,"Pre-Order","4.9","2021-01-24"
"RB-0812","B9fd4ecf Cleaner","906.77",6,"2.23","Dry",4,"In Stock","4.9","2024-10-02"
"RB-0813","Bc774e0d Cleaner","231.99",3,"4.02","Wet",2,"In Stock","3.3","2020-09-23"
"RB-0814","42bcb75c Cleaner","945.17",5,"3.5","Dry",2,"In Stock","4.1","2020-10-31"
"RB-0815","7ba1068e Cleaner","498.84",3,"3.89","Hybrid",4,"Pre-Order","3.2","2020-12-28"
"RB-0816","0ade9e31 Cleaner","697.93",5,"3.84","Wet",3,"In Stock","3.7","2022-01-22"
"RB-0817","94176623 Cleaner","506.35",7,"2.51","Hybrid",3,"Out of Stock","4.0","2020-03-01"
"RB-0818","B92df190 Cleaner","497.39",5,"4.18","Wet",1,"Pre-Order","3.5","2022-10-25"
"RB-0819","6aaf73f4 Cleaner","318.47",6,"4.57","Hybrid",5,"Out of Stock","3.9","2021-08-02"
"RB-0820","Cd6942b3 Cleaner","906.71",8,"3.84","Dry",3,"Out of Stock","3.7","2024-11-09"
"RB-0821","2ff3b710 Cleaner","835.14",7,"3.13","Dry",3,"Out of Stock","3.8","2021-03-17"
"RB-0822","F994db6c Cleaner","230.20",4,"4.12","Hybrid",3,"Pre-Order","4.3","2022-02-16"
"RB-0823","21f2f8f1 Cleaner","390.58",7,"3.94","Hybrid",5,"Out of Stock","3.9","2022-03-11"
"RB-0824","7180c4ab Cleaner","424.88",6,"3.55","Dry",3,"In Stock","4.2","2022-04-16"
"RB-0825","Bfd25437 Cleaner","222.78",3,"2.07","Dry",2,"Pre-Order","3.6","2022-05-19"
"RB-0826","Effb84fe Cleaner","540.24",6,"4.61","Wet",1,"In Stock","4.8","2023-06-18"
"RB-0827","B2cc2ba5 Cleaner","871.16",10,"3.35","Dry",2,"Pre-Order","4.8","2022-08-14"
"RB-0828","34038493 Cleaner","762.61",6,"3.54","Hybrid",4,"Out of Stock","4.9","2020-02-15"
"RB-0829","0e5980bb Cleaner","863.97",6,"2.44","Wet",4,"Pre-Order","3.1","2022-10-06"
"RB-0830","D21aba35 Cleaner","628.12",3,"4.88","Dry",2,"Pre-Order","3.4","2023-09-05"
"RB-0831","34dc4161 Cleaner","305.90",7,"3.76","Dry",1,"In Stock","3.4","2023-07-24"
"RB-0832","23c8079a Cleaner","628.54",4,"4.29","Dry",2,"In Stock","4.2","2023-01-16"
"RB-0833","503a51d9 Cleaner","909.32",10,"2.35","Dry",3,"Pre-Order","4.3","2021-05-24"
"RB-0834","Ce9a1741 Cleaner","543.86",2,"4.41","Dry",4,"Pre-Order","4.9","2024-04-21"
"RB-0835","46219f78 Cleaner","562.22",5,"2.68","Hybrid",1,"In Stock","3.1","2024-08-07"
"RB-0836","E35f0bdd Cleaner","208.73",4,"3.94","Hybrid",3,"Pre-Order","4.4","2024-03-16"
"RB-0837","E358beb7 Cleaner","346.23",7,"2.74","Dry",3,"In Stock","4.0","2024-01-18"
"RB-0838","8dd16c6d Cleaner","883.91",2,"2.99","Dry",3,"Out of Stock","4.0","2022-09-04"
"RB-0839","74c2dfaa Cleaner","447.62",6,"3.24","Dry",5,"Out of Stock","3.2","2021-01-18"
"RB-0840","863ab3a0 Cleaner","402.15",5,"3.43","Wet",2,"Out of Stock","3.9","2021-06-21"
"RB-0841","D47ba316 Cleaner","883.17",6,"3.3","Dry",3,"Pre-Order","3.6","2022-10-06"
"RB-0842","Faba24bf Cleaner","790.42",6,"2.69","Dry",4,"In Stock","3.6","2022-01-07"
"RB-0843","B6d24453 Cleaner","878.47",6,"4.12","Hybrid",3,"Out of Stock","4.3","2020-05-21"
"RB-0844","886acdc2 Cleaner","803.81",2,"2.19","Wet",2,"Out of Stock","4.0","2020-10-23"
"RB-0845","417c5357 Cleaner","981.48",5,"2.17","Hybrid",2,"In Stock","3.1","2020-06-26"
"RB-0846","510f99a8 Cleaner","329.70",3,"4.28","Hybrid",2,"Out of Stock","3.3","2023-06-04"
"RB-0847","7edd567f Cleaner","203.94",5,"3.65","Hybrid",4,"Pre-Order","4.3","2024-07-19"
"RB-0848","6556a0c8 Cleaner","560.20",2,"3.64","Dry",3,"Out of Stock","4.5","2021-06-11"
"RB-0849","A57c43ab Cleaner","502.91",2,"2.6","Dry",4,"Out of Stock","4.7","2022-03-13"
"RB-0850","5fc6fbc2 Cleaner","715.75",2,"3.66","Dry",1,"Pre-Order","4.8","2023-05-13"
"RB-0851","80906968 Cleaner","281.10",7,"4.38","Wet",4,"Pre-Order","3.7","2020-07-01"
"RB-0852","Ef220f73 Cleaner","643.67",4,"4.4","Hybrid",4,"In Stock","3.1","2024-04-25"
"RB-0853","5594434d Cleaner","990.00",7,"3.08","Wet",3,"In Stock","3.3","2020-03-27"
"RB-0854","4468ad9d Cleaner","633.91",1,"3.32","Wet",2,"In Stock","4.3","2022-04-25"
"RB-0855","5aa3ce67 Cleaner","243.62",5,"4.45","Hybrid",1,"Pre-Order","4.1","2024-01-07"
"RB-0856","F4f09d5b Cleaner","589.23",8,"2.78","Dry",4,"Pre-Order","3.8","2023-07-18"
"RB-0857","Ffd13464 Cleaner","250.26",10,"3.47","Wet",3,"Out of Stock","4.4","2025-01-02"
"RB-0858","24ce9109 Cleaner","695.09",9,"4.69","Dry",3,"Pre-Order","3.7","2021-12-10"
"RB-0859","8c2742f5 Cleaner","535.93",9,"2.3","Hybrid",2,"Out of Stock","3.2","2024-01-07"
"RB-0860","Bca19cf2 Cleaner","406.05",9,"2.21","Dry",2,"In Stock","4.4","2023-08-09"
"RB-0861","1fe2d634 Cleaner","768.98",4,"2.49","Dry",1,"In Stock","4.6","2020-12-18"
"RB-0862","27cc6ed3 Cleaner","370.98",6,"2.22","Hybrid",2,"Out of Stock","4.1","2021-04-01"
"RB-0863","Ca785a05 Cleaner","446.14",5,"3.24","Dry",4,"In Stock","3.3","2023-03-07"
"RB-0864","E058e6ea Cleaner","536.87",2,"2.83","Hybrid",3,"In Stock","3.0","2024-01-13"
"RB-0865","Ce4f8c16 Cleaner","667.69",7,"2.23","Dry",3,"In Stock","4.9","2021-11-01"
"RB-0866","2a77a3bd Cleaner","676.67",6,"2.9","Dry",4,"In Stock","3.9","2024-12-14"
"RB-0867","59beb91d Cleaner","682.93",5,"3.64","Hybrid",3,"In Stock","4.1","2020-07-13"
"RB-0868","3ee71970 Cleaner","883.07",3,"4.88","Dry",2,"Out of Stock","4.4","2021-02-24"
"RB-0869","A6d265ca Cleaner","379.76",10,"3.33","Hybrid",5,"Out of Stock","3.9","2022-07-19"
"RB-0870","D5ced701 Cleaner","780.43",9,"3.93","Dry",4,"Out of Stock","3.2","2023-03-23"
"RB-0871","C5e259f5 Cleaner","725.13",7,"2.1","Hybrid",3,"Pre-Order","3.8","2021-01-21"
"RB-0872","Dbb86b66 Cleaner","252.90",1,"4.11","Dry",3,"Out of Stock","4.3","2021-11-21"
"RB-0873","3e29f660 Cleaner","398.24",4,"4.51","Wet",3,"Out of Stock","3.0","2024-06-22"
"RB-0874","Aeb7af37 Cleaner","274.03",4,"2.6","Hybrid",1,"Pre-Order","4.9","2024-11-01"
"RB-0875","E5b92289 Cleaner","838.21",3,"3.92","Dry",4,"Pre-Order","4.1","2022-04-11"
"RB-0876","7acfe0f2 Cleaner","484.45",6,"4.65","Wet",2,"Pre-Order","5.0","2020-08-04"
"RB-0877","5ebcdff6 Cleaner","798.34",7,"4.05","Dry",2,"Pre-Order","4.1","2022-04-05"
"RB-0878","5745cd3f Cleaner","561.12",5,"4.97","Dry",5,"In Stock","4.5","2022-07-14"
"RB-0879","65cfe06e Cleaner","972.90",9,"2.95","Wet",5,"In Stock","3.6","2020-05-04"
"RB-0880","F58681ae Cleaner","654.25",6,"2.8","Dry",5,"Pre-Order","3.8","2024-04-08"
"RB-0881","C78d4fee Cleaner","729.89",3,"4.24","Dry",4,"Out of Stock","5.0","2021-10-11"
"RB-0882","178c3bea Cleaner","543.18",10,"4.24","Dry",4,"In Stock","3.3","2021-05-29"
"RB-0883","60a8004f Cleaner","454.65",6,"3.6","Wet",4,"Pre-Order","3.2","2020-08-09"
"RB-0884","78a579e0 Cleaner","567.12",9,"4.75","Dry",4,"Out of Stock","4.9","2022-09-17"
"RB-0885","33890acb Cleaner","282.18",7,"4.71","Hybrid",3,"Pre-Order","4.2","2023-07-08"
"RB-0886","9431e071 Cleaner","610.32",2,"2.22","Hybrid",2,"Pre-Order","3.1","2020-04-26"
"RB-0887","602fbf8a Cleaner","581.67",4,"2.4","Dry",2,"Out of Stock","4.9","2022-12-27"
"RB-0888","F68d6692 Cleaner","572.68",4,"2.54","Wet",1,"Pre-Order","4.8","2021-04-03"
"RB-0889","Bf5aa367 Cleaner","870.02",2,"2.84","Wet",2,"Out of Stock","4.0","2023-05-12"
"RB-0890","Db57eb88 Cleaner","463.45",4,"4.57","Wet",5,"In Stock","4.0","2024-08-28"
"RB-0891","0a79333a Cleaner","586.21",4,"2.39","Hybrid",2,"Pre-Order","3.2","2023-04-27"
"RB-0892","E94a89bc Cleaner","285.45",9,"4.11","Hybrid",2,"Pre-Order","3.1","2023-03-07"
"RB-0893","646aff0f Cleaner","928.43",8,"2.76","Dry",2,"Out of Stock","4.3","2021-06-22"
"RB-0894","603f442d Cleaner","453.08",7,"2.91","Wet",4,"Out of Stock","4.7","2024-04-03"
"RB-0895","0bab2fff Cleaner","496.77",3,"4.53","Hybrid",2,"Out of Stock","4.1","2020-11-02"
"RB-0896","7774ee5f Cleaner","795.12",3,"3.96","Hybrid",3,"Pre-Order","3.1","2020-05-27"
"RB-0897","9df1b44a Cleaner","566.26",4,"2.83","Hybrid",4,"Out of Stock","4.2","2021-05-26"
"RB-0898","B907ace6 Cleaner","667.58",10,"2.25","Dry",1,"Pre-Order","3.1","2024-10-17"
"RB-0899","B05c7619 Cleaner","453.85",4,"3.55","Hybrid",4,"In Stock","3.1","2022-12-10"
"RB-0900","B0213cef Cleaner","621.31",6,"4.19","Hybrid",3,"In Stock","4.3","2022-12-08"
"RB-0901","9dcd8968 Cleaner","529.95",3,"2.94","Wet",5,"In Stock","3.9","2024-11-26"
"RB-0902","05eb21bc Cleaner","770.90",5,"3.74","Hybrid",3,"In Stock","3.5","2021-10-08"
"RB-0903","9b3ba9a9 Cleaner","289.74",2,"2.49","Hybrid",2,"In Stock","4.3","2021-12-28"
"RB-0904","7a5d2ab6 Cleaner","743.59",6,"2.93","Wet",1,"In Stock","4.9","2023-12-04"
"RB-0905","170b45a6 Cleaner","617.13",6,"2.9","Hybrid",4,"Out of Stock","4.5","2025-01-16"
"RB-0906","Cec64412 Cleaner","802.60",6,"2.1","Hybrid",2,"Out of Stock","4.6","2023-11-29"
"RB-0907","Bb56567d Cleaner","728.28",3,"4.39","Hybrid",2,"Out of Stock","4.3","2021-03-26"
"RB-0908","51a59be0 Cleaner","267.80",1,"4.74","Wet",3,"Pre-Order","3.9","2021-05-08"
"RB-0909","6bb49305 Cleaner","924.53",1,"4.25","Wet",3,"Pre-Order","3.7","2021-10-23"
"RB-0910","5f5fe6ea Cleaner","277.16",9,"4.94","Dry",2,"In Stock","3.4","2022-04-05"
"RB-0911","F9f219b7 Cleaner","966.87",2,"4.13","Wet",4,"Out of Stock","4.3","2021-08-27"
"RB-0912","35e2703a Cleaner","393.29",5,"2.9","Hybrid",5,"Pre-Order","3.4","2022-03-23"
"RB-0913","D533621d Cleaner","342.74",3,"3.63","Hybrid",3,"Pre-Order","4.9","2022-11-16"
"RB-0914","D9b12b9c Cleaner","961.03",1,"4.55","Dry",3,"Out of Stock","4.7","2020-11-17"
"RB-0915","Ebae9064 Cleaner","294.27",2,"2.03","Dry",2,"In Stock","3.2","2022-11-07"
"RB-0916","B6d4b7d2 Cleaner","866.64",5,"3.05","Hybrid",2,"Out of Stock","4.7","2024-01-25"
"RB-0917","107a5c8a Cleaner","696.47",4,"2.89","Dry",4,"Out of Stock","3.9","2021-06-01"
"RB-0918","6edeeaa7 Cleaner","589.46",7,"4.24","Wet",3,"In Stock","3.5","2023-09-23"
"RB-0919","32e704f1 Cleaner","606.92",7,"2.1","Wet",2,"Out of Stock","4.2","2022-08-12"
"RB-0920","3ce471b0 Cleaner","939.83",2,"4.87","Wet",2,"Out of Stock","4.9","2021-06-15"
"RB-0921","B0a1e24d Cleaner","248.50",7,"3.29","Wet",4,"In Stock","3.7","2021-10-27"
"RB-0922","61251b11 Cleaner","764.81",7,"4.88","Wet",3,"Pre-Order","4.5","2021-08-05"
"RB-0923","Ff3bcc59 Cleaner","718.81",7,"3.27","Hybrid",5,"Out of Stock","4.1","2022-01-11"
"RB-0924","A67d99e5 Cleaner","675.99",3,"2.81","Wet",2,"Pre-Order","3.3","2021-04-02"
"RB-0925","39938bf9 Cleaner","787.39",4,"3.38","Dry",1,"In Stock","4.9","2021-01-09"
"RB-0926","88bd886c Cleaner","213.31",2,"4.04","Wet",5,"Out of Stock","3.7","2024-07-15"
"RB-0927","78938ea3 Cleaner","280.77",7,"2.63","Dry",2,"In Stock","3.4","2023-03-23"
"RB-0928","D44a2d8b Cleaner","895.25",3,"3.53","Dry",3,"Pre-Order","4.0","2021-08-06"
"RB-0929","519081ef Cleaner","933.56",7,"3.68","Dry",2,"Pre-Order","5.0","2020-04-06"
"RB-0930","F9cc9316 Cleaner","895.65",3,"2.34","Hybrid",3,"Pre-Order","4.2","2022-04-26"
"RB-0931","Cf6fc79b Cleaner","619.97",8,"2.88","Dry",3,"In Stock","4.1","2020-10-29"
"RB-0932","0a65dd96 Cleaner","296.09",2,"4.25","Wet",1,"In Stock","3.6","2022-05-28"
"RB-0933","0539c0e3 Cleaner","518.14",4,"4.71","Dry",4,"In Stock","3.1","2023-12-12"
"RB-0934","F0105dcd Cleaner","901.42",9,"3.98","Dry",3,"In Stock","3.5","2023-07-18"
"RB-0935","2d076640 Cleaner","912.34",7,"4.38","Dry",2,"Pre-Order","4.3","2022-11-09"
"RB-0936","A80137a4 Cleaner","397.13",7,"3.39","Dry",3,"Pre-Order","3.1","2021-05-11"
"RB-0937","309e122d Cleaner","752.01",9,"2.95","Dry",2,"Pre-Order","3.4","2020-07-15"
"RB-0938","E6a6e8dc Cleaner","891.82",3,"3.59","Wet",2,"Out of Stock","3.7","2021-02-26"
"RB-0939","Aa930ca7 Cleaner","654.63",5,"3.58","Wet",3,"Pre-Order","3.2","2021-09-03"
"RB-0940","F78fb92f Cleaner","934.89",4,"4.81","Wet",5,"Pre-Order","4.3","2024-09-01"
"RB-0941","B72e5d38 Cleaner","803.17",1,"2.8","Wet",5,"In Stock","4.1","2023-11-08"
"RB-0942","9cd3090a Cleaner","397.74",2,"3.08","Wet",2,"Pre-Order","4.3","2025-01-24"
"RB-0943","3814620c Cleaner","485.23",5,"3.48","Hybrid",1,"Pre-Order","4.2","2023-11-04"
"RB-0944","39140f22 Cleaner","894.13",6,"3.12","Dry",4,"In Stock","4.1","2022-11-06"
"RB-0945","E34020d1 Cleaner","515.41",6,"4.96","Wet",5,"Out of Stock","4.9","2021-01-27"
"RB-0946","5fca8c3b Cleaner","353.81",3,"2.38","Hybrid",2,"Out of Stock","4.3","2020-08-23"
"RB-0947","3ff7f7b0 Cleaner","354.75",3,"2.18","Dry",5,"In Stock","4.8","2021-07-08"
"RB-0948","39d15a62 Cleaner","899.94",6,"3.5","Hybrid",5,"Out of Stock","4.6","2024-02-12"
"RB-0949","6d190a3d Cleaner","840.19",3,"3.38","Wet",4,"Out of Stock","4.8","2023-11-08"
"RB-0950","37c703ac Cleaner","443.76",5,"2.07","Wet",5,"Pre-Order","4.2","2020-07-13"
"RB-0951","3cb8b299 Cleaner","900.92",2,"2.16","Hybrid",4,"Pre-Order","4.7","2022-09-13"
"RB-0952","67fb92f2 Cleaner","996.59",6,"2.07","Dry",2,"In Stock","4.1","2021-04-27"
"RB-0953","Edb9e1df Cleaner","870.45",4,"4.57","Hybrid",2,"Pre-Order","3.1","2020-03-01"
"RB-0954","4c1c71b3 Cleaner","626.49",6,"2.64","Wet",2,"Pre-Order","4.6","2023-03-21"
"RB-0955","963c73c9 Cleaner","554.29",5,"4.71","Dry",4,"Out of Stock","3.3","2023-02-06"
"RB-0956","F2038629 Cleaner","640.04",4,"4.58","Dry",3,"In Stock","4.4","2022-08-11"
"RB-0957","027b8dc9 Cleaner","915.62",1,"2.57","Wet",4,"Out of Stock","4.0","2021-02-13"
"RB-0958","6cebac57 Cleaner","272.98",4,"2.02","Wet",2,"In Stock","4.5","2021-12-13"
"RB-0959","C4926519 Cleaner","979.93",3,"2.23","Hybrid",4,"Pre-Order","4.9","2024-02-25"
"RB-0960","0f126808 Cleaner","388.17",6,"4.88","Hybrid",2,"Pre-Order","3.4","2023-05-10"
"RB-0961","Ef5b9c76 Cleaner","658.80",1,"2.52","Dry",2,"In Stock","4.6","2020-06-01"
"RB-0962","69249364 Cleaner","955.50",4,"2.71","Hybrid",4,"Pre-Order","4.5","2022-11-05"
"RB-0963","3b77a236 Cleaner","647.83",6,"4.74","Wet",4,"Out of Stock","4.2","2021-04-24"
"RB-0964","D194a690 Cleaner","781.93",2,"4.96","Wet",2,"In Stock","3.7","2024-06-10"
"RB-0965","0b4e9eee Cleaner","365.52",7,"3.55","Dry",5,"In Stock","3.8","2024-11-27"
"RB-0966","54ee95aa Cleaner","925.99",2,"4.96","Dry",4,"In Stock","3.0","2024-08-30"
"RB-0967","B5b07838 Cleaner","252.75",8,"4.01","Hybrid",3,"In Stock","4.9","2023-08-09"
"RB-0968","67de16ab Cleaner","937.62",4,"3.81","Hybrid",3,"Pre-Order","3.3","2023-02-24"
"RB-0969","3daf2698 Cleaner","503.52",1,"3.46","Wet",1,"In Stock","4.0","2024-11-03"
"RB-0970","690ae4c7 Cleaner","542.10",6,"3.51","Wet",1,"In Stock","3.0","2024-12-24"
"RB-0971","7f164db2 Cleaner","425.20",8,"3.43","Wet",3,"Pre-Order","3.2","2021-07-13"
"RB-0972","52e7ff29 Cleaner","982.53",3,"4.52","Dry",2,"Pre-Order","3.3","2022-04-01"
"RB-0973","8d5f8be1 Cleaner","295.57",5,"4.71","Wet",2,"Out of Stock","3.5","2021-06-15"
"RB-0974","113601eb Cleaner","850.30",4,"3.4","Dry",3,"Out of Stock","3.1","2021-07-05"
"RB-0975","29d409fa Cleaner","510.78",4,"4.97","Wet",3,"Pre-Order","4.6","2023-09-07"
"RB-0976","352bfa95 Cleaner","280.95",4,"4.86","Wet",4,"Pre-Order","4.7","2024-07-13"
"RB-0977","Cec18e36 Cleaner","235.74",2,"3.57","Hybrid",5,"Pre-Order","4.1","2022-12-11"
"RB-0978","135e2569 Cleaner","840.94",5,"3.25","Dry",4,"Pre-Order","4.5","2020-05-20"
"RB-0979","91ba19ba Cleaner","225.95",5,"2.93","Wet",3,"Pre-Order","3.1","2024-08-12"
"RB-0980","C271dc00 Cleaner","818.64",8,"2.89","Dry",2,"Pre-Order","3.3","2022-07-14"
"RB-0981","5116b90e Cleaner","390.57",8,"3.54","Hybrid",5,"Pre-Order","3.9","2021-04-02"
"RB-0982","D8afbcb5 Cleaner","406.70",10,"3.32","Wet",5,"Pre-Order","3.7","2022-02-14"
"RB-0983","72169d99 Cleaner","589.89",6,"3.05","Wet",3,"Out of Stock","3.7","2021-02-21"
"RB-0984","1834066d Cleaner","498.72",9,"3.38","Wet",3,"Out of Stock","3.2","2023-09-06"
"RB-0985","97f2da7a Cleaner","627.08",5,"2.6","Dry",1,"In Stock","3.7","2021-11-30"
"RB-0986","8bc1764d Cleaner","229.15",7,"2.66","Dry",2,"In Stock","3.9","2024-02-26"
"RB-0987","2c361c3a Cleaner","932.58",7,"3.73","Hybrid",4,"In Stock","3.2","2020-03-23"
"RB-0988","70c7d44f Cleaner","540.98",8,"2.06","Wet",4,"Pre-Order","3.6","2021-03-27"
"RB-0989","91dcf6da Cleaner","414.14",4,"2.15","Dry",3,"Pre-Order","4.5","2024-01-21"
"RB-0990","5849d357 Cleaner","433.80",6,"2.42","Hybrid",3,"Out of Stock","3.5","2022-08-20"
"RB-0991","147ba4ae Cleaner","270.95",10,"3.32","Dry",3,"Out of Stock","3.1","2020-12-26"
"RB-0992","6be106b3 Cleaner","797.07",7,"4.98","Hybrid",2,"Out of Stock","3.3","2021-05-22"
"RB-0993","6a660e43 Cleaner","618.50",8,"3.9","Dry",5,"Out of Stock","4.8","2024-07-23"
"RB-0994","5dcfe9f6 Cleaner","557.18",9,"3.43","Hybrid",4,"In Stock","4.7","2022-09-08"
"RB-0995","B4318653 Cleaner","946.40",5,"2.87","Hybrid",1,"Pre-Order","4.2","2024-10-17"
"RB-0996","2519e38f Cleaner","243.79",6,"2.04","Dry",1,"Out of Stock","4.3","2023-02-19"
"RB-0997","A1f3f2d5 Cleaner","492.61",1,"3.05","Hybrid",5,"Pre-Order","3.2","2022-07-26"
"RB-0998","1a748443 Cleaner","780.08",10,"2.47","Dry",4,"In Stock","3.3","2023-01-07"
"RB-0999","A3d7e7ca Cleaner","897.19",7,"3.73","Hybrid",1,"In Stock","4.0","2021-03-06"
"RB-1000","0e3c8e50 Cleaner","641.76",6,"3.52","Wet",4,"Out of Stock","3.8","2024-01-08"
